{
	"@metadata": {
		"authors": [
			"Chaduvari",
			"Kiranmayee",
			"Naidugari Jayanna",
			"Ravichandra",
			"Veeven",
			"సన్మిత్ర - SANMTIRA"
		]
	},
	"label.heading.name": "పేరు",
	"label.heading.accnum": "ఖాతా#",
	"label.heading.staff": "సిబ్బంది",
	"label.heading.office": "కార్యాలయం",
	"label.heading.delete": "తొలగించు",
	"label.heading.disabled": "దిసేబుల్డ్",
	"label.heading.unassignstaff": "సిబ్బందిని తొలగించు",
	"label.heading.assignstaff": "సిబ్బందిని నియమించు",
	"label.heading.general": "సాధారణ",
	"label.heading.performancehistory": "ప్రదర్శన చరిత్ర",
	"label.heading.settings": "అమరికలు",
	"label.heading.status": "స్థితి",
	"label.heading.loanaccount": "అప్పు ఖాతా",
	"label.heading.type": "రకం",
	"label.heading.category": "వర్గం",
	"label.heading.balance": "నిల్వ",
	"label.heading.savingaccount": "దాచు ఖాతా",
	"label.heading.description": "వివరణ",
	"label.heading.shortname": "పొట్టిపేరు",
	"label.heading.approve": "ఆమోదించు",
	"label.heading.actions": "చర్యలు",
	"label.heading.members": "సభ్యులు",
	"label.heading.confirm": "నిర్థారించండి",
	"label.heading.attendance": "హాజరు",
	"label.heading.comments": "వ్యాఖ్యలు",
	"label.heading.id": "ఐడీ",
	"label.heading.activationdate": "చేతనపు తేదీ",
	"label.heading.externalid": "ఎక్స్టర్నల్ ఐడి :",
	"label.heading.summary": "సారాంశం",
	"label.heading.products": "ఉత్పత్తులు",
	"label.heading.branch": "శాఖ",
	"label.heading.notes": "గమనికలు",
	"label.heading.closedaccount": "మూసేసిన ఖాతా",
	"label.heading.account": "ఖాతా",
	"label.heading.debit": "అప్పు",
	"label.heading.credit": "ఋణం",
	"label.heading.error": "లోపం",
	"label.heading.accounttype": "కాతా రకం",
	"label.heading.user": "వాడుకరి",
	"label.heading.loan": "అప్పు",
	"label.heading.amount": "మొత్తం",
	"label.heading.date": "తేదీ",
	"label.heading.due": "చెల్లించవలసింది",
	"label.heading.paid": "చెల్లించబడింది",
	"label.heading.waived": "ఎత్తివేయబడింది",
	"label.heading.outstanding": "బ్రహ్మాండం",
	"label.heading.details": "వివరాలు",
	"label.heading.identitydocuments": "ధృవీకరణ పత్రాలు",
	"label.heading.notprovided": "ఇవ్వలేదు",
	"label.heading.notavailable": "అందుబాటులో లేదు",
	"label.heading.patternupdate": "సరళి మార్పు",
	"label.input.between": "మధ్య",
	"label.heading.count": "గణన",
	"label.heading.percentage": "శాతం",
	"label.heading.loanamount": "ఖచ్చిత ఋణం",
	"label.heading.outstandingamount": "మిగులు ఋణం",
	"label.heading.dueamount": "నగదు చెల్లింపు",
	"label.heading.interest.paid": "వడ్డీ చెల్లింపు",
	"label.heading.principal.repayment": "నగదు చెల్లింపు",
	"label.menu.selectloanofficer": "సిబ్బందిని ఎంచుకో",
	"label.menu.selectone": "ఒకటి ఎంచుకో",
	"label.anchor.delete": "తొలగించు",
	"label.achor.activate": "చేతనంచేయి",
	"label.anchor.close": "మూసివేయి",
	"label.anchor.assignstaff": "సిబ్బందిని నియమించు",
	"label.anchor.activate": "చేతనంచేయి",
	"label.input.name": "పేరు",
	"label.input.firstname": "మొదటి పేరు",
	"label.input.lastname": "ఇంటి పేరు",
	"label.input.middlename": "మధ్య పేరు",
	"label.input.accno": "ఖాతా#",
	"label.input.activationdate": "చేతనపు తేదీ",
	"label.input.staff": "సిబ్బంది",
	"label.input.office": "కార్యాలయం",
	"label.input.client": "ఖాతాదారు",
	"label.input.clients": "ఖాతాదారులు",
	"label.input.notes": "గమనికలు",
	"label.input.externalid": "బయటి ఐడి",
	"label.input.active": "క్రియాశీలం",
	"label.input.assignstaff": "సిబ్బందిని నియమించు",
	"label.input.closuredate": "మూసిన తేదీ",
	"label.input.closurereason": "మూతకు కారణం",
	"label.input.description": "వివరణ",
	"label.input.repeat": "మళ్ళీ",
	"label.input.comments": "వ్యాఖ్యలు",
	"label.input.closurereasons": "మూతకు కారణం",
	"label.input.enteractivationdate": "క్రియాశీల తేదిని పొందుపరుచు",
	"label.input.filterbynameorstatusoroffice": "పేరు/స్థితి/కార్యాలయంచే వడబోయి",
	"label.input.filterbyname": "పేరుతో వడబోయి",
	"label.input.transactiondate": "లావాదేవీల తేది",
	"label.input.fromdate": "తేదీ నుండి",
	"label.input.todate": "తేదీ వరకు",
	"label.input.amount": "మొత్తం",
	"label.input.branchoffice": "శాఖా కార్యాలయం",
	"label.input.center": "మధ్యగతం",
	"label.input.group": "గుంపు",
	"label.input.meetingcalendar": "సమావేశ సూచిక",
	"label.input.total": "మొత్తం",
	"label.input.note": "గమనిక",
	"label.input.language": "భాష",
	"label.input.dateformat": "తేదీ ఆకృతి",
	"label.input.gender": "లింగం:",
	"label.input.dateofbirth": "పుట్టిన తేదీ",
	"label.input.sqlSearch": "SQL శోధన",
	"label.input.transfertype": "బదిలీ రకం",
	"label.input.true": "సత్యం",
	"label.input.false": "అసత్యం",
	"label.button.previous": "గత",
	"label.button.next": "తరువాతి",
	"label.button.save": "పంపించు",
	"label.button.cancel": "రద్దుచేయి",
	"label.button.edit": "సవరించు",
	"label.button.delete": "తొలగించు",
	"label.button.confirm": "నిర్థారించండి",
	"label.button.unassignstaff": "సిబ్బందిని తొలగించు",
	"label.button.assignstaff": "సిబ్బందిని నియమించు",
	"label.button.close": "మూసివేయి",
	"label.button.activate": "చేతనంచేయి",
	"label.button.newloan": "కొత్త అప్పు",
	"label.button.deleteall": "అన్నిటినీ తొలగించు",
	"label.button.add": "చేర్చు",
	"label.button.attendance": "హాజరు",
	"label.button.unassign": "తప్పించు",
	"label.button.advancesearch": "నిశితమైన అన్వేషణ",
	"label.button.enable": "చేతనం చెయ్యి",
	"label.button.disable": "అచేతనం చెయ్యి",
	"label.button.more": "మరిన్ని",
	"label.button.reject": "తిరస్కరించు",
	"label.button.pay": "చెల్లించు",
	"label.button.validate": "సరిచూడు",
	"label.button.pattern": "సరళి",
	"label.belongsto": "దీనికి చెందినది",
	"label.memberof": "సభ్యులు:",
	"label.createdby": "సృష్టించినది",
	"label.createdon": "రూపొందిన తేదీ",
	"label.areyousure": "మీరు నిజంగానే అంటున్నారా?",
	"label.requiredfield": "తప్పనిసరి ఫీల్డు",
	"label.all": "అన్నీ",
	"currency.USD": "అమెరికా డాలరు",
	"label.selectone": "ఒకటి ఎంచుకో",
	"label.requirefield": "తప్పనిసరి ఫీల్డు",
	"label.none": "ఏమీలేదు",
	"label.savesuccessfully": "భద్రపరచబడింది",
	"label.mustbenumeric": "అంకెల్లోనే ఉండాలి",
	"label.delete": "తొలగించు",
	"label.error": "లోపం",
	"error.login.failed": "ఇచ్చిన సమాచారం సరి ఐనది కాదు. మరల ప్రయత్నించండి",
	"error.msg.header": "క్రింది లోపాలున్నాయి:",
	"validation.msg.invalid.date.format": "చెల్లని తేదీ ఫార్మాటు.",
	"validation.msg.document.fileName.cannot.be.blank": "ఒక దస్త్రాన్ని ఎంచుకోండి.",
	"validation.msg.document.name.cannot.be.blank": "పత్రపు పేరు ఇవ్వండి.",
	"resourceId.not.integer": "ఐడీ అనేది సంఖ్య అయి ఉండాలి.",
	"error.msg.resource.not.found": "అడిగిన వనరు అందుబాటులో లేదు.",
	"validation.msg.calendar.title.cannot.be.blank": "శీర్షిక తప్పనిసరి.",
	"validation.msg.calendar.startDate.cannot.be.blank": "ప్రారంభపు తేదీ తప్పనిసరి.",
	"validation.msg.calendar.typeId.cannot.be.blank": "క్యాలండరు రకం తప్పనిసరి",
	"validation.msg.calendar.description.cannot.be.blank": "వివరణ ఖాళీగా వదలకూడదు.",
	"validation.msg.calendar.location.cannot.be.blank": "ప్రాంతం ఖాళీగా వదలకూడదు.",
	"validation.msg.calendar.endDate.cannot.be.blank": "ముగింపు తేదీ ఖాళీగా వదలకూడదు.",
	"validation.msg.calendar.duration.cannot.be.blank": "వ్యవధి ఖాళీగా ఉండకూడదు.",
	"label.heading.home": "ఇల్లు",
	"label.heading.parentoffice": "ప్రధాన కార్యాలయం:",
	"label.heading.openedon": "ప్రారంభ కాలం:",
	"label.heading.mifosxclient": "Mifos-X క్లైంట్",
	"label.heading.mifosx": "Mifos X",
	"label.heading.uptodate": "MifosX ఈరోజు వరకు అప్డేట్ ఐనది",
	"label.heading.community": "సముదాయం",
	"label.anchor.logout": "లాగ్ అవుట్",
	"label.anchor.all": "అన్ని",
	"label.anchor.loans": "ఋణాలు",
	"label.anchor.savings": "పొదుపు",
	"label.anchor.funds": "నిధులు",
	"label.anchor.admin": "నిర్వాహకుడు",
	"label.anchor.reports": "నివేదికలు",
	"label.anchor.profile": "ప్రొఫైల్",
	"label.anchor.settings": "సెట్టింగ్స్",
	"label.anchor.usermanual": "ఉపయోగించే విదానం",
	"label.anchor.functionalspec": "విడన ప్రత్యేకతలు",
	"label.anchor.developerzone": "అభివ్రుదికర్తల చోటు",
	"label.anchor.usersgroup": "ఉపయోగించేవారు",
	"label.anchor.developergroup": "అభివృధికర్తలు",
	"label.anchor.keydesignprinciples": "ముఖ్యమైన రూపకల్పన నియమాలు",
	"label.anchor.workingwithcode": "కోడ్ పై పనిచేయుట",
	"label.anchor.donate": "దానం చేయు",
	"label.anchor.irc": "ఐ ఆర్ సి",
	"label.input.changelanguage": "భాషను మార్చండి:",
	"label.button.signin": "సైన్ ఇన్ అవ్వండి",
	"label.anchor.clients": "క్లైంట్లు",
	"label.button.clear": "తుడిచివేయి",
	"label.anchor.groups": "సమూహాలు",
	"label.input.error": "లోపం",
	"label.anchor.centers": "కేంద్రాలు",
	"label.heading.glcode": "జి ఎల్ కోడ్",
	"label.heading.acctype": "కాతా రకం",
	"label.heading.manualentriesallowed": "మాన్యువల్ ప్రవేసాలు తీసుకోబడును",
	"label.heading.usedas": "వాడే తీరుగా",
	"label.heading.parentaccountname": "పేరెంట్ కాతా పేరు",
	"label.heading.tag": "ట్యాగ్",
	"label.heading.accountusage": "కాతా ఉపయోగం",
	"label.anchor.accounting": "అకౌంటింగ్",
	"label.input.list": "ఖాతాల జాబితా",
	"label.button.addaccount": "కాతాని జోడించు",
	"label.heading.loanofficer": "ఋణాలు ఇచ్చే అధికారి:",
	"label.heading.reasons": "కారణాలు",
	"label.heading.assets": "ఆస్తులు",
	"label.input.reasons": "కారణాలు",
	"label.input.dayofmonth": "నెలలో రోజు",
	"label.anchor.users": "ఉపయోగించువారు",
	"label.input.username": "ఉపయోగించు వారి పేరు",
	"label.input.password": "పాస్వర్డ్ (రహస్య పదం)",
	"label.heading.isLoanOfficer": "అతను ఋణాలు ఇచ్చే అధికారా?:",
	"label.heading.namedecorated": "అలంకరించిన పేరు:",
	"label.heading.officeName": "కార్యాలయం పేరు:",
	"label.anchor.organization": "నిర్వాహక సంస్తలు",
	"label.anchor.createemployee": "ఉద్యోగిని జతచేయండి",
	"label.heading.position": "స్థానం",
	"label.anchor.templates": "టెంప్లేట్లు",
	"label.anchor.system": "వ్యవస్థ",
	"label.anchor.tasks": "లక్ష్యాలు",
	"label.office": "కార్యాలయం",
	"label.heading.liabilities": "అప్పులు",
	"label.heading.expenses": "ఖర్చులు",
	"label.heading.income": "ఆదాయం",
	"label.heading.paymenttype": "చెల్లింపు రకం",
	"label.anchor.products": "ఉత్పతులు",
	"label.anchor.charges": "రుసుములు",
	"label.anchor.loanproducts": "ఋణ ఉత్పతులు",
	"label.anchor.savingproducts": "పొదుపు ఉత్పత్తులు",
	"label.anchor.productsmix": "ఉత్త్పత్తుల మిశ్రమం",
	"label.input.totalinstallmentamount": "కట్టవలసిన మొత్తం",
	"label.input.minimuminstallmentamount": "కట్టవలసిన కనీస మొత్తం",
	"label.input.days": "రోజులు",
	"label.input.transfer.to.account": "పొదుపు ఖాతాకి బదిలి చేయి"
}
