{
	"@metadata": {
		"authors": [
			"Alan ffm",
			"Faren",
			"InternerowyGołąb",
			"Kareyac",
			"Lantuszka",
			"Mayor",
			"Mazab IZW",
			"Pan Cube",
			"Py64",
			"Rail",
			"Rzuwig",
			"Stojex",
			"Ty221",
			"Woytecr"
		]
	},
	"label.heading.totalshares": "Łączny udział",
	"label.heading.sharenominalprice": "Cena nominalna / jednostkowa",
	"label.heading.totalsharestobeissued": "Łączna liczba akcji do wyemitowania",
	"label.heading.sharecapitalvalue": "Całkowita wartość kapitału tytułów uczestnictwa",
	"label.heading.shareperclient": "Udziały na klienta",
	"label.heading.minimumactiveperiod": "Minimalny okres aktywności",
	"label.heading.suspenseaccount": "Konto przejściowe",
	"label.heading.equityaccount": "Edycja konta",
	"label.heading.allowdividendsforinactiveclients": "Zezwalaj na dywidendy dla nieaktywnych klientów",
	"label.heading.name": "Nazwa",
	"label.heading.alias": "Alias",
	"label.heading.amountDue": "Do zapłaty",
	"label.heading.cbid": "ID biura kredytowego",
	"label.heading.country": "Państwo",
	"label.heading.cbName": "Nazwa biura kredytowego",
	"label.heading.cbproduct": "Produkt kredytu",
	"label.heading.cbsummary": "Biuro kredytowe (nazwa-produkt-kraj)",
	"label.heading.is_creditcheck_mandatory": "czy sprawdzenie kredytu jest obowiązkowe?",
	"label.heading.skip_credit_check_in_failure": "pominąć sprawdzanie zdolności kredytowej w przypadku niepowodzenia?",
	"label.heading.stale_period": "nieaktualny okres",
	"label.heading.startdate": "Data rozpoczęcia",
	"label.heading.enddate": "Data zakończenia",
	"label.heading.is_active": "is_active",
	"label.heading.accnum": "Konto #",
	"label.heading.staff": "Personel",
	"label.heading.office": "Biuro",
	"label.heading.delete": "Usuń",
	"label.heading.reject": "Odrzuć",
	"label.heading.deleterole": "Usuń rolę",
	"label.heading.disablerole": "Wyłącz rolę",
	"label.heading.disabled": "Wyłączony",
	"label.heading.enabledrole": "Włączony",
	"label.heading.enablerole": "Włącz rolę",
	"label.heading.unassignstaff": "Cofnij dopisanie pracowników",
	"label.heading.assignstaff": "Dopisz pracowników",
	"label.heading.general": "Ogólne",
	"label.heading.performancehistory": "Historia wydajności",
	"label.heading.settings": "Ustawienia",
	"label.heading.status": "Status",
	"label.heading.loanaccount": "Rachunek kredytowy",
	"label.heading.type": "Typ",
	"label.heading.category": "Kategoria",
	"label.heading.balance": "Saldo",
	"label.heading.viewreceipts": "Wyświetl potwierdzenie",
	"label.heading.savingaccount": "Konto oszczędnościowe",
	"label.heading.description": "Opis",
	"label.heading.transferId": "ID transakcji",
	"label.heading.shortname": "Nazwa skrócona",
	"label.heading.approve": "akceptuj",
	"label.heading.glimloanaccount": "Nowy wniosek o pożyczkę GLIM",
	"label.heading.glimloanaccoverview": "Przegląd konta kredytowego",
	"label.heading.repaymentCollection": "Pobieranie spłaty",
	"label.heading.repayment": "Pobieranie spłaty",
	"label.heading.glimloanAccountNo": "Numer konta",
	"label.heading.gsimId": "ID",
	"label.heading.glimId": "ID",
	"label.heading.gsimoverview": "Przegląd konta kredytowego",
	"label.heading.gsimaccount": "Nowe konta GSIM",
	"label.heading.actions": "Działania",
	"label.heading.loanaccoverview": "Przegląd konta kredytowego",
	"label.heading.upcomingcharges": "Nadchodzące obciążenia",
	"label.heading.savingsaccoverview": "Przegląd konta oszczędnościowego",
	"label.heading.fixedaccoverview": "Przegląd stałych depozytów",
	"label.heading.recurringaccoverview": "Przegląd depozytów cyklicznych",
	"label.heading.members": "Użytkownicy",
	"label.heading.confirm": "Potwierdź",
	"label.heading.attendance": "Frekwencja",
	"label.heading.comments": "Komentarze",
	"label.heading.id": "ID",
	"label.heading.activationdate": "Data aktywacji",
	"label.heading.externalid": "Zewnętrzny identyfikator",
	"label.heading.summary": "Podsumowanie",
	"label.heading.products": "Produkty",
	"label.heading.branch": "Oddział",
	"label.heading.notes": "Uwagi",
	"label.heading.closedaccount": "Zamknięte konto",
	"label.heading.transactiondate": "Data transakcji",
	"label.heading.account": "Konto",
	"label.heading.debit": "Debet",
	"label.heading.credit": "Kredyt",
	"label.heading.updatedby": "Aktualizacja wykonana przez",
	"label.heading.updatedon": "Uaktualniono dnia:",
	"label.heading.error": "Błąd",
	"label.heading.client": "Klient",
	"label.heading.accounttype": "Typ konta",
	"label.heading.user": "Użytkownik",
	"label.heading.loan": "Pożyczka",
	"label.heading.principal": "Główny",
	"label.heading.amount": "Kwota",
	"label.heading.date": "Data",
	"label.heading.transactiontype": "Typ transakcji",
	"label.heading.due": "Ze względu",
	"label.heading.paid": "Płatne",
	"label.heading.waived": "Uchylony",
	"label.heading.outstanding": "Wybitne",
	"label.heading.installmentamount": "Kwota rat",
	"label.heading.resourceid": "Identyfikator zasobów",
	"label.heading.details": "Szczegóły",
	"label.heading.identitydocuments": "Dokumenty tożsamości",
	"label.heading.clientapproval": "Zgody klienta",
	"label.heading.loanapproval": "Zatwierdzenie kredytu",
	"label.heading.loandisbursal": "Anulowanie kredytu",
	"label.heading.checkerinbox": "Sprawdzanie skrzynki odbiorczej",
	"label.heading.enterclientsactivationdate": "Wprowadź datę aktywacji klientów",
	"label.heading.duecollections": "Kolekcje ze względu",
	"label.heading.totalduecollections": "Wszystkie kolekcje ze względu",
	"label.heading.issueswithdrawls": "Kwestie wypłaty",
	"label.heading.notprovided": "Nie dostarczone",
	"label.heading.notavailable": "Niedostępne",
	"label.heading.next": "Paginacja: następna",
	"label.heading.prev": "Paginacja: Poprzednia",
	"label.heading.provisioningcategory": "Kategoria",
	"label.heading.minimumage": "Minimalny wiek",
	"label.heading.maximumage": "Maksymalny wiek",
	"label.heading.provisioningpercentage": "Procent",
	"label.heading.provisioningliabilityaccount": "Rachunek zobowiązań",
	"label.heading.provisioningexpenseaccount": "Konto wydatków",
	"label.heading.provisioningamount": "Kwota aprowizacji",
	"label.heading.rateperiods": "Okresy ze zmienną stopą procentową",
	"label.heading.fromdate": "Od daty",
	"label.heading.interestrate": "Oprocentowanie",
	"label.heading.patternupdate": "Aktualizacja wzoru",
	"label.input.between": "Pomiędzy",
	"label.input.provisioningcriteria": "Kryteria udostępniania",
	"label.input.floatingratename": "Nazwa zmiennej stawki",
	"label.heading.count": "Liczba",
	"label.heading.percentage": "Procent",
	"label.heading.principal.outstanding": "Zleceniodawca wybitny",
	"label.heading.interest.outstanding": "Wyjątkowe zainteresowanie",
	"label.heading.interest.paid": "Wypłacane odsetki",
	"label.heading.principal.repayment": "Główny opłacony",
	"label.heading.arrears": "Zaległości w spłacie",
	"label.heading.serviceType": "Typ usługi zewnętrznej",
	"label.heading.reset": "Zresetuj",
	"label.input.indays": "W dniach",
	"label.input.liabilityaccount": "Rachunek zobowiązań",
	"label.input.expenseaccount": "Konto wydatków",
	"label.heading.pendingforapproval": "Akcje oczekujące na zatwierdzenie",
	"label.heading.purchasedsharesoverview": "Przegląd transakcji",
	"label.heading.purchasedorredeemedprice": "Cena kupna / umorzona",
	"label.heading.linkedsavingsaccountnumber": "Powiązane konto oszczędnościowe (księgowanie dywidendy)",
	"label.heading.applyadditionalshares": "Zastosuj dodatkowe udziały",
	"label.heading.approveadditionalshares": "Zatwierdź dodatkowe udziały",
	"label.heading.rejectadditionalshares": "Odrzuć dodatkowe udziały",
	"label.heading.sharesapplication": "Udostępnij aplikację konta",
	"label.heading.dividendperiodstartdate": "Data rozpoczęcia okresu dywidendy",
	"label.heading.dividendperiodenddate": "Data zakończenia okresu",
	"label.heading.dividendamount": "Kwota dywidendy",
	"label.heading.shareequity": "Udostępnij kapitał",
	"label.heading.dividends": "dywidendy",
	"label.heading.savingtransactionreference": "Referencja transakcji",
	"label.heading.amountreceivedorreturned": "Kwota otrzymana / zwrócona",
	"label.heading.smsProvider": "SMS Provider",
	"label.heading.templatemsg": "Szablon wiadomości",
	"label.heading.campaigntype": "Typ kampanii",
	"label.heading.triggertype": "Typ wyzwalacza",
	"label.heading.approvedby": "Zaakceptowany przez",
	"label.heading.message": "Wiadomość",
	"label.heading.preview": "Podgląd",
	"label.heading.messagedetails": "Szczegóły wiadomości",
	"label.heading.businessRuleParameters": "Parametry reguł biznesowych",
	"label.heading.templateparameters": "Dostępne parametry szablonów",
	"label.heading.businessRule": "Reguła biznesowa",
	"label.heading.campaignMessage": "Wiadomość kampanii",
	"label.heading.selfserivceaccountactivated": "Aktywowano konto samoobsługowe",
	"label.heading.editsmscampaign": "Edytuj kampanię SMS",
	"label.heading.meetingdetails": "Szczegóły spotkania",
	"label.heading.address": "Adres",
	"label.heading.isactive": "Status",
	"label.menu.selectloanofficer": "Wybierz pracowników",
	"label.menu.selectone": "Wybierz jeden",
	"label.menu.businessRule": "Wybierz regułę biznesową",
	"label.anchor.delete": "Usuń",
	"label.achor.activate": "Aktywuj",
	"label.anchor.close": "Zamknij",
	"label.anchor.assignstaff": "Dopisz pracowników",
	"label.anchor.activate": "Aktywuj",
	"label.anchor.updatedefaultaccount": "Aktualizacja domyślnego konta oszczędnościowego",
	"label.anchor.importclients": "Klienci",
	"label.anchor.importcenters": "Centrum",
	"label.anchor.importoffices": "Biura",
	"label.anchor.editpermissions": "Edytuj uprawnienia",
	"label.input.name": "Nazwa",
	"label.input.firstname": "Imię",
	"label.input.lastname": "Nazwisko",
	"label.input.middlename": "Drugie imię",
	"label.input.qualification": "Kwalifikacja",
	"label.input.mobileNumber": "Numer telefonu komórkowego",
	"label.input.age": "wiek",
	"label.input.fullname": "Nazwa",
	"label.input.legalForm": "Forma prawna",
	"label.input.accno": "Konto#",
	"label.input.activationdate": "Data aktywacji",
	"label.input.staff": "Pracownicy",
	"label.input.office": "Biuro",
	"label.input.client": "Klient",
	"label.input.clients": "Klienci",
	"label.input.enternote": "Wprowadź uwagę",
	"label.input.notes": "Uwagi",
	"label.input.externalid": "Zewnętrzny identyfikator",
	"label.input.active": "Aktywny",
	"label.input.is_active": "jest aktywny ?",
	"label.input.assignstaff": "Dopisz pracowników",
	"label.input.closuredate": "Data zamknięcia",
	"label.input.closurereason": "Powód zamknięcia",
	"label.input.description": "Opis",
	"label.input.repeat": "Powtórz",
	"label.input.comments": "Komentarze",
	"label.input.closurereasons": "Powód zamknięcia",
	"label.input.enteractivationdate": "Wprowadź datę aktywacji",
	"label.input.filterbynameorstatusoroffice": "Sortuj przez nazwę/status/biuro",
	"label.input.filterbyname": "Filtruj według nazwy",
	"label.input.transactiondate": "Data transakcji",
	"label.input.fromdate": "Od daty",
	"label.input.todate": "Do daty",
	"label.input.amount": "Kwota",
	"label.input.branchoffice": "Oddział",
	"label.input.center": "Centrum",
	"label.input.group": "Grupa",
	"label.input.meetingcalendar": "Kalendarz spotkań",
	"label.input.total": "Łącznie",
	"label.input.note": "Uwaga",
	"label.input.dueforcollectedon": "Ze względu na zbiór",
	"label.input.language": "Język",
	"label.input.dateformat": "Format daty",
	"label.input.savingsaccount": "Domyślne konto oszczędnościowe",
	"label.input.no.decimalplaces": "Bez miejsc po przecinku",
	"label.input.gender": "Płeć",
	"label.input.dateofbirth": "Data narodzin",
	"label.input.sqlSearch": "Wyszukiwanie SQL",
	"label.input.transfertype": "Typ transferu",
	"label.input.true": "Prawda",
	"label.input.false": "Fałsz",
	"label.input.repaymentdate": "Data płatności",
	"label.input.resetconfirmationtext": "Czy chcesz usunąć wszystkie zmiany wprowadzone do tej pory i zresetować do pierwotnego harmonogramu?",
	"label.input.incorporationdate": "Data przyłączenia",
	"label.input.incorpNumber": "Numer rejestracji",
	"label.input.incorpValidityTillDate": "Włączenie do daty ważności",
	"label.input.constitution": "Instytucja",
	"label.button.previous": "Poprzedni",
	"label.button.next": "Następny",
	"label.button.save": "Wyślij",
	"label.button.cancel": "Anuluj",
	"label.button.edit": "Edytuj",
	"label.button.delete": "Usuń",
	"label.button.confirm": "Potwierdź",
	"label.button.unassignstaff": "Cofnij dopisanie pracowników",
	"label.button.assignstaff": "Dopisz pracowników",
	"label.button.close": "Zamknij",
	"label.button.activate": "Aktywuj",
	"label.button.newloan": "Nowa pożyczka",
	"label.button.transferclient": "Przenieś klienta",
	"label.button.newsaving": "Nowe oszczędności",
	"label.button.accepttransfer": "Zaakceptuj transfer",
	"label.button.rejecttransfer": "Odrzuć transfer",
	"label.button.undotransfer": "Cofnij transfer",
	"label.button.deleteall": "Usuń wszystkie",
	"label.button.add": "Dodaj",
	"label.button.back": "Wstecz",
	"label.button.attendance": "Frekwencja",
	"label.button.unassign": "Anuluj przypisanie",
	"label.button.advancesearch": "Wyszukiwanie zaawansowane",
	"label.button.enable": "Włącz",
	"label.button.disable": "Wyłącz",
	"label.button.collectionsheet": "Nazwa kolekcji",
	"label.button.submitandnextcenter": "Prześlij i przejdź do następnego centrum",
	"label.button.viewfullscreen": "Tryb pełnoekranowy",
	"label.button.productivecollectionsheet": "Arkusz produktywnej kolekcji",
	"label.button.more": "Więcej",
	"label.button.reject": "Odrzuć",
	"label.button.suspend": "Wstrzymaj",
	"label.button.pay": "Zapłać",
	"label.button.clientscreenreports": "Raporty ekranu klienta",
	"label.button.summary": "Podsumowanie",
	"label.button.updatedefaultsavings": "Aktualizowanie domyślnych oszczędności",
	"label.button.submit": "Wyślij",
	"label.uniquelyidentifiedwithid": "Unikatowo identyfikowane przez Id",
	"label.belongsto": "Należy do:",
	"label.memberof": "Należy do:",
	"label.createdby": "utworzony przez",
	"label.createdon": "Utworzono w dniu",
	"label.areyousure": "Jesteś pewien?",
	"label.requiredfield": "Pole wymagane",
	"label.edit": "Edytuj",
	"label.all": "Wszystko",
	"currency.USD": "Dolar amerykański",
	"currency.KES": "Szyling kenijski",
	"label.selectone": "Wybierz jeden",
	"label.requirefield": "Pole wymagane",
	"label.none": "Brak",
	"label.savesuccessfully": "Pomyślnie zapisane",
	"label.nodatafound": "Nie znaleziono danych związanych z wpisanymi parametrami wyszukiwania.",
	"label.mustbenumeric": "Musi być liczbą",
	"label.usernameminfivechars": "Nazwa użytkownika musi mieć długość co najmniej 5 znaków.",
	"label.passwordminsixchars": "Hasło musi mieć długość co najmniej 6 znaków.",
	"label.percentage": "Procent",
	"label.outstanding.amount": "Zaległe kwoty pożyczki",
	"label.and": "i",
	"label.message.password.expired": "Hasło jest wygasłe, zresetuj swoje hasło",
	"label.today": "Dzisiaj",
	"label.delete": "Usuń",
	"label.selectentity": "Wybierz obiekt",
	"label.selectaction": "Wybierz opcję",
	"label.error": "Błąd",
	"error.login.failed": "Proszę spróbować ponownie, dane logowania są nieprawidłowe.",
	"error.msg.command.unsupported": "Błąd programisty: wydane polecenie nie jest obsługiwane.",
	"error.msg.query.parameter.value.unsupported": "'{{params[1].value}}' nie jest obsługiwany jako wartość parametru kwerendy \"{{params[0].value}}\".",
	"error.msg.not.authorized": "Brak wystarczających uprawnień do wykonania tej czynności.",
	"error.msg.invalid.request.body": "JSON w treści wniosku jest nieprawidłowe lub brakujące.",
	"error.msg.parameter.unsupported": "Parametr \"{{params[0].value}}\" został przekazany i nie jest obsługiwany dla tego żądania.",
	"error.msg.column.mandatory": "Pole obowiązkowe nie podane.",
	"error.msg.header": "Masz następujące błędy:",
	"validation.msg.validation.errors.exist": "Istnieją błędy sprawdzania poprawności.",
	"validation.msg.productivecollectionsheet.staffId.cannot.be.blank": "Obsługa jest obowiązkowa.",
	"validation.msg.domain.rule.violation": "Błędy zawierają przyczynę naruszenia zasady domeny.",
	"validation.msg.invalid.date.format": "Nieprawidłowy format daty.",
	"validation.msg.invalid.month.day": "\"{{params[0].value}}\" jest nieprawidłowym dniem miesiąca.",
	"validation.msg.missing.dateFormat.parameter": "Parametr \"Date Format\" jest wymagany.",
	"validation.msg.missing.locale.parameter": "Parametr \"ustawienia regionalne\" jest wymagany.",
	"validation.msg.invalid.number.format": "\"{{params[0].value}}\" jest nieprawidłową liczbę całkowitą.",
	"validation.msg.invalid.integer": "\"{{params[0].value}}\" jest nieprawidłową liczbę całkowitą.",
	"validation.msg.invalid.integer.format": "\"{{params[0].value}}\" jest nieprawidłową liczbę całkowitą.",
	"validation.msg.invalid.decimal.format": "'{{params[0].value}}' jest nieprawidłową liczba dziesiętną.",
	"error.msg.document.file.too.big": "Nie można przesłać plików większych niż 5 MB.",
	"validation.msg.document.fileName.cannot.be.blank": "Proszę wybrać plik.",
	"validation.msg.document.name.cannot.be.blank": "Proszę podać nazwę dokumentu.",
	"resourceId.not.integer": "ID musi być liczbą całkowitą.",
	"error.msg.resource.not.found": "Żądany zasób nie jest dostępny.",
	"error.msg.code.identifier.not.found": "Kod o identyfikatorze \"{{params[0].value}}\" nie istnieje.",
	"error.msg.configuration.property.invalid": "Właściwość konfiguracji globalnej o nazwie \"{{params[0].value}}\" nie istnieją.",
	"error.msg.permission.code.invalid": "Uprawnienia z kodem \"{{params[0].value}}\" nie istnieją.",
	"error.msg.role.id.invalid": "Rola o identyfikatorze \"{{params[0].value}}\" nie istnieje.",
	"error.msg.user.id.invalid": "Użytkownik z identyfikatorem \"{{params[0].value}}\" nie istnieje.",
	"error.msg.office.id.invalid": "Biuro o identyfikatorze \"{{params[0].value}}\" nie istnieje.",
	"error.msg.fund.id.invalid": "Fundusz z identyfikatorem \"{{params[0].value}}\" nie istnieje.",
	"error.msg.charge.id.invalid": "Opłata z identyfikatorem \"{{params[0].value}} \" nie istnieje.",
	"error.msg.loan.id.is.invalid": "Kredyt z identyfikatorem \"{{params[0].value}}\" nie istnieje.",
	"error.msg.glaccount.id.invalid": "Konta księgi głównej z identyfikatorem `{{params[0].value}}` nie istnieją.",
	"error.msg.calendar.id.invalid": "Kalendarz o identyfikatorze \"{{params[0].value}}\" nie istnieje.",
	"validation.msg.calendar.title.cannot.be.blank": "Tytuł jest obowiązkowy.",
	"validation.msg.calendar.startDate.cannot.be.blank": "Data rozpoczęcia jest obowiązkowa.",
	"validation.msg.calendar.typeId.cannot.be.blank": "Typ kalendarza jest obowiązkowy.",
	"validation.msg.calendar.recurrence.cannot.be.blank": "Rekurencja jest obowiązkowa",
	"validation.msg.calendar.description.cannot.be.blank": "Opis nie może być pusty.",
	"validation.msg.calendar.location.cannot.be.blank": "Lokalizacja nie może być pusta.",
	"validation.msg.calendar.endDate.cannot.be.blank": "Data końcowa nie może być pusta.",
	"validation.msg.calendar.repeating.cannot.be.blank": "Powtarzanie nie może być puste.",
	"validation.msg.calendar.duration.cannot.be.blank": "Czas trwania nie może być pusty.",
	"validation.msg.calendar.remindById.cannot.be.blank": "Rodzaj przypomnienia nie może być pusty.",
	"validation.msg.calendar.firstReminder.cannot.be.blank": "Pierwsze przypomnienie nie może być puste.",
	"validation.msg.calendar.secondReminder.cannot.be.blank": "Drugie przypomnienie nie może być puste.",
	"error.msg.calendar.loan.expected.disbursement.date.not.valid.recurring.date": "Przewidywana data wydania `{{params[0].value}}` nie trafiła na datę spotkania.",
	"error.msg.calendar.loan.first.repayment.date.not.valid.recurring.date": "Pierwsza data zapadalności '{{params[0].value}}' nie wchodzi na datę spotkania.",
	"error.msg.invalid.recurring.rule": "Zasada powtarzania kalendarza: `{{params[0].value}}` nie jest prawidłowa.",
	"error.msg.recurring.rule.parsing.error": "Błąd analizy wartości zasady powtarzania: `{{params[0].value}}`",
	"error.msg.calendar.loan.actual.disbursement.date.not.valid.recurring.date": "Rzeczywista data wydania `{{params[0].value}}` nie trafiła na datę spotkania.",
	"error.msg.calendar.collectionsheet.not.valid.recurring.date": "Wybrana data w kalendarzu nie jest prawidłową datą cykliczną",
	"validation.msg.loan.calendarId.not.greater.than.zero": "Kalendarz spotkań jest obowiązkowy.",
	"validation.msg.collectionsheet.groupId.not.greater.than.zero": "Grupa jest obowiązkowa, aby wygenerować arkusz kolekcji.",
	"validation.msg.collectionsheet.dueDate.cannot.be.blank": "Data transakcji jest obowiązkowa, aby wygenerować arkusz kolekcji.",
	"validation.msg.collectionsheet.transactionDate.cannot.be.blank": "Do tworzenia arkusza kolekcji `data operacji` nie może być pusta",
	"error.msg.calendar.new.start.date.before.existing.date": "Początek nowego spotkania w dniu lub po niej nie mogą być obowiązującej w dniu rozpoczęcia spotkania.",
	"error.msg.calendar.update.of.meeting.type.is.not.supported": "Aktualizacja typu spotkania nie jest obsługiwana.",
	"error.msg.calendar.update.of.meeting.frequency.is.not.supported": "Aktualizacja częstotliwości spotkania nie jest obsługiwana.",
	"error.msg.calendar.update.of.meeting.interval.is.not.supported": "Aktualizacji spotkania \"powtarza się co ' nie jest obsługiwana.",
	"validation.msg.meeting.meetingDate.cannot.be.blank": "Data spotkania jest obowiązkowa.",
	"validation.msg.meeting.calendarId.cannot.be.blank": "Kalendarz spotkań jest obowiązkowy.",
	"error.msg.calendar.meeting.not.valid.recurring.date": "Data spotkania powinno być identyczna jak data w kalendarzu.",
	"error.msg.meeting.duplicate": "Spotkanie z datami '{{params[0].value}}' już istnieje.",
	"error.msg.meeting.date.cannot.be.a.future.date": "Data spotkania nie może być w przyszłości.",
	"error.msg.entity.transfers.with.active.savings.accounts": "Nie można przenieść grupy klientów o aktywnych kont oszczędnościowych",
	"error.msg.groups.bulk.client.transfers.to.different.office": "Zbiorowe przekazywanie klientów pomiędzy grupami w różnych gałęzi jest niedozwolone",
	"error.msg.client.transfers.destination.group.absent": "Grupa docelowego przesyłania klientów pierwotnie połączona z grupą, nie wybrana",
	"error.msg.client.transfers.with.multiple.group.linkages": "Nie jest obsługiwany transfer klientów związanych z wieloma grupami",
	"error.msg.client.transfers.with.active.accounts.between.groups.with.different.meeting.frequency": "Nie można wysyłać klientów z aktywnymi partnerami biznesowymi między grupami o różnych częstotliwościach spotkania",
	"error.msg.groups.bulk.client.transfers.to.same.group": "Źródłowa i docelowa grupa dla masowego przeniesienia klientów muszą być różne",
	"error.msg.client.transfers.with.active.accounts.to.group.with.no.meeting.frequencys": "Nie można wysyłać klientów z aktywnymi partnerami biznesowymi między grupami o różnych częstotliwościach spotkania",
	"error.msg.loan.submittal.cannot.be.before.client.transfer.date": "Daty przedłożenia pożyczki nie może być wcześniejsza niż data przeniesienia klienta ({{params[0].value}})",
	"error.msg.loan.approval.cannot.be.before.client.transfer.date": "Data, w której kredyt został zatwierdzony, nie może być wcześniejsza niż data przeniesienia klienta ({{params[0].value}})",
	"error.msg.loan.approval.cannot.be.undone.before.client.transfer.date": "Data, w której kredyt został zatwierdzony, nie może być wcześniejsza niż data przeniesienia klienta ({{params[0].value}})",
	"error.msg.loan.disbursal.cannot.be.before.client.transfer.date": "Data, w której kredyt został wypłacon, nie może być wcześniejsza niż data przeniesienia klienta ({{params[0].value}})",
	"error.msg.loan.disbursal.cannot.be.undone.before.client.transfer.date": "Nie można anulować operacji, wykonananej w innym oddziale",
	"error.msg.loan.repayment.or.waiver.cannot.be.made.before.client.transfer.date": "Nie można zrobić (lub edytować) spłaty i zwolnień przed wcześniejszych niż data przeniesienia klienta ({{params[0].value}})",
	"error.msg.loan.reject.cannot.be.before.client.transfer.date": "Data, w której kredyt został odrzucony, nie może być wcześniejsza niż data przeniesienia klienta ({{params[0].value}})",
	"error.msg.loan.withdraw.cannot.be.before.client.transfer.date": "Data, w której kredyt został wycofany, nie może być wcześniejsza niż data przeniesienia klienta ({{params[0].value}})",
	"error.msg.loan.writeoff.cannot.be.undone.before.client.transfer.date": "Data, w której się odpisuje, nie może być wcześniejsza niż data przeniesienia klienta ({{params[0].value}})",
	"error.msg.loan.close.cannot.be.undone.before.client.transfer.date": "Data, w której kredyt został spłacony w całości, nie może być wcześniejsza niż data przeniesienia klienta ({{params[0].value}})",
	"label.heading.waiveloancharge": "Odstąpić od kredytu za",
	"label.heading.payloancharge": "Zapłacić za spłatę kredytu",
	"label.anchor.paycharge": "Uiścić opłatę",
	"label.input.paymentdate": "Data płatności",
	"label.tooltip.charges.active.true": "Aktywny",
	"label.tooltip.charges.active.false": "Nieaktywny",
	"label.heading.dashboard": "Panel",
	"label.heading.home": "Start",
	"label.heading.welcome": "Witamy",
	"label.heading.navigation.guide": "Możesz nawigować swoją drogą poprzez MifosX",
	"label.heading.left.shortcuts": "skróty w lewo",
	"label.heading.top.menu": "menu na górze",
	"label.heading.right.search": "narzędzie wyszukiwania w prawym górnym rogu",
	"label.heading.pendingtasks": "Oczekujące zadania",
	"label.heading.enteractivationdate": "Wprowadź datę aktywacji",
	"label.heading.madeondate": "Wykonane w dniu",
	"label.heading.action": "Akcja",
	"label.heading.entity": "Podmiot",
	"label.heading.mifosxdashhome": "MifosX Dash Home",
	"label.heading.recentactivities": "Ostatnia aktywność",
	"label.heading.frequentactivities": "Najczęstsze działania",
	"label.heading.parentoffice": "Nadrzędny urząd",
	"label.heading.openedon": "Otwarty na",
	"label.heading.loantype": "Rodzaj kredytu",
	"label.heading.memberof": "Należy do:",
	"label.heading.clienttrendsfor": "Trendy klientów",
	"label.heading.amontcollectedfortoday": "Kwota zgromadzona na dziś",
	"label.heading.firstname": "Imię",
	"label.heading.lastname": "Nazwisko",
	"label.heading.mifosxclient": "Mifos X Client",
	"label.heading.mifosx": "Mifos X",
	"label.heading.uptodate": "Mifos X jest aktualny",
	"label.heading.resources": "Zasoby",
	"label.heading.community": "Społeczność",
	"label.heading.amountdisbursedfortoday": "Kwoty wydatkowane na dziś",
	"label.heading.loginname": "Nazwa logowania",
	"label.heading.userprofile": "Profil użytkownika",
	"label.heading.userid": "ID użytkownika",
	"label.heading.username": "Nazwa użytkownika",
	"label.heading.keyboarshortcuts": "Skróty klawiaturowe",
	"label.heading.navigation": "Strona nawigacyjna",
	"label.heading.tasks": "Skanowanie przychodzących wiadomości & nierozwiązanych zadań",
	"label.heading.collectionsheet": "Arkusz kolekcji",
	"label.heading.frequentposting": "Częste księgowania",
	"label.heading.closureentries": "Wpisy zamknięcia",
	"label.heading.journalentry": "Wpis do dziennika",
	"label.heading.reports": "Raporty",
	"label.heading.saveorsubmit": "Zapisz/wyślij formularze",
	"label.heading.cancel": "Anuluj",
	"label.heading.runreport": "Uruchom raport",
	"label.heading.logout": "Wyloguj się",
	"label.heading.search": "Wyszukaj",
	"label.heading.help": "Pomoc",
	"label.heading.language": "Język",
	"label.heading.primaryemail": "Główny adres E-mail",
	"label.menu.office": "Biuro",
	"label.anchor.startpage": "Strona startowa",
	"label.anchor.homepage": "Strona główna",
	"label.anchor.loginpage": "Strona logowania",
	"label.anchor.manageusers": "Zarządzanie użytkownikami",
	"label.anchor.manageroles": "Zarządzanie rolami",
	"label.anchor.logout": "Wyloguj się",
	"label.anchor.home": "Strona główna",
	"label.anchor.all": "Wszystko",
	"label.anchor.loans": "Kredyty",
	"label.anchor.savings": "Oszczędności",
	"label.anchor.funds": "Fundusze",
	"label.anchor.admin": "Administrator",
	"label.anchor.reports": "Raporty",
	"label.anchor.profile": "Profil",
	"label.anchor.settings": "Ustawienia",
	"label.anchor.navigation": "Nawigacja",
	"label.anchor.dashhome": "Dash Home",
	"label.anchor.collectionsheet": "Nazwa kolekcji",
	"label.anchor.client": "Klient",
	"label.anchor.group": "Grupa",
	"label.anchor.center": "Centrum",
	"label.anchor.frequentpostings": "Częste księgowania",
	"label.anchor.addjournalentries": "Dodawanie wpisów do dziennika",
	"label.anchor.closingentries": "Wpisy zamknięcia",
	"label.anchor.usermanual": "Instrukcja obsługi",
	"label.anchor.functionalspec": "Cechy funkcjonalne",
	"label.anchor.usersgroup": "Grupa użytkowników",
	"label.anchor.developergroup": "Deweloperska grupa",
	"label.anchor.irc": "IRC",
	"label.anchor.dashboard": "Panel",
	"label.anchor.help": "Pomoc",
	"label.anchor.about": "O",
	"label.anchor.advsearch": "Wyszukiwanie zaawansowane",
	"label.anchor.save": "Zapisz",
	"label.input.searchbyuser": "Szukaj przez użytkownika",
	"label.input.searchactivities": "Szukaj działalności",
	"label.input.additionalinformation": "Dodatkowe informacje",
	"label.input.changelanguage": "Zmień język:",
	"label.button.login": "Zaloguj",
	"label.button.approve": "Akceptuj",
	"label.button.offices": "Biura",
	"label.button.loanofficers": "Oficerowie pożyczkowi",
	"label.button.centers": "Centra",
	"label.button.groups": "Grupy",
	"label.button.clients": "Klienci",
	"label.button.week": "Tydzień",
	"label.button.month": "Miesiąc",
	"label.button.day": "Dzień",
	"label.button.signin": "Zaloguj się",
	"label.button.resetPassword": "Resetuj hasło",
	"label.button.viewpermissions": "Wyświetlanie uprawnień",
	"label.youneedtologintoaccessthisarea": "Musisz się zalogować aby uzyskać dostęp do tego obszaru",
	"label.nodata": "Brak danych",
	"label.notactivated": "Nie aktywowany",
	"label.unassigned": "Nieprzypisany",
	"label.searchorpress": "Kliknij lub naciśnij alt+x żeby wyszukać",
	"label.search.query.matched.results.exceeds.max.length": "Wyszukiwane zapytanie dało więcej niż 200 rekordów, pokazywanie pierwszych 200 wyników.",
	"validation.msg.collectionsheet.calendarId.cannot.be.blank": "Zbiór arkuszy nie może być wygenerowany dla centrum/grupy  bez określenia załączników",
	"label.heading.identities": "Identyfikatory",
	"label.heading.uniqueidentification": "Unikatowy ID #",
	"label.heading.identitydocs": "Dokumenty tożsamości",
	"label.heading.filename": "Nazwa Pliku",
	"label.heading.templates": "Szablony",
	"label.heading.documents": "Dokumenty",
	"label.heading.editclient": "Edytuj klienta",
	"label.heading.uploadclientdocument": "Prześlij dokument klienta",
	"label.heading.addclientidentifier": "Dodaj identyfikator klienta",
	"label.heading.groupclosed": "Grupa zamknięta",
	"label.heading.clientid": "ID klienta",
	"label.heading.inventurescore": "Wynik rozwoju",
	"label.heading.numofloancycle": "# cyklu pożyczki",
	"label.heading.createclient": "Utwórz klienta",
	"label.heading.selectclientimage": "Wybierz obraz klienta",
	"label.heading.selectclientsignature": "Wybierz podpis klienta",
	"label.heading.clientsignature": "Podpis klienta",
	"label.heading.clientscreenreport": "Raport ekranu klienta",
	"label.heading.clientno": "Klient #",
	"label.heading.clientclosed": "Klient zamknięty",
	"label.anchor.clients": "Klienci",
	"label.anchor.createclient": "Utwórz klienta",
	"label.anchor.viewclient": "Przeglądaj klienta",
	"label.anchor.transferclient": "Przenieś klienta",
	"label.anchor.editclient": "Edytuj klienta",
	"label.anchor.uploaddocument": "Prześlij dokument",
	"label.anchor.addclientidentities": "Dodaj identyfikator klienta",
	"label.anchor.clientscreenreport": "Raporty ekranu klienta",
	"label.anchor.acceptclienttransfer": "Zaakceptuj transfer klienta",
	"label.anchor.rejecttransfer": "Odrzuć transfer klienta",
	"label.anchor.undotransfer": "Cofnij transfer klienta",
	"label.input.filterbynameaccno": "Filtruj wyświetlane według nazwy/#klienta/pracowników/biura",
	"label.input.selectclientimage": "Wybierz obraz klienta",
	"label.input.selectfile": "Wybierz plik",
	"label.input.documenttype": "Typ dokumentu",
	"label.input.uniqueidentification": "Unikatowy ID #",
	"label.input.mobilenumber": "Numer telefonu komórkowego",
	"label.input.client.activationdate": "Data aktywacji",
	"label.input.client.creationdate": "Data utworzenia",
	"label.input.clientName": "Nazwa klienta",
	"label.input.clientId": "ID klienta",
	"label.button.createclient": "Utwórz klienta",
	"label.button.print": "Drukuj",
	"label.button.viewprint": "Generuj raport",
	"label.button.savingdetails": "Zapisywanie szczegółów",
	"label.button.loandetails": "Szczegóły kredytu",
	"label.button.upload": "Prześlij",
	"label.button.viewclosedloans": "Przejrzyj zamknięte pożyczki",
	"label.button.viewclosedsavings": "Przejrzyj zamknięte oszczędności",
	"label.button.uploadpic": "Prześlij obraz klienta",
	"label.button.uploadsig": "Załaduj podpis klienta",
	"label.button.viewsig": "Wyświetl podpis klienta",
	"label.button.viewactiveloans": "Przejrzyj aktywne pożyczki",
	"label.button.viewactivesavings": "Przejrzyj aktywne oszczędności",
	"label.button.ok": "OK",
	"label.button.clear": "Wyczyść",
	"label.numofloancycles": "# cykli pożyczki",
	"label.lastloanamount": "Ostatnia kwota pożyczki",
	"label.numofactiveloans": "# aktywnych pożyczek",
	"label.totalsavings": "Suma oszczędności",
	"label.numofactivesavings": "# aktywnych oszczędności",
	"label.zoom": "Pokaż większe",
	"client.search.not.allowed": "Nieuprawniony do wyszukiwania klienta.",
	"loan.search.not.allowed": "Nieuprawniony do wyszukiwania pożyczki.",
	"clientStatusType.pending": "Oczekujący",
	"clientStatusType.active": "Aktywny",
	"clientStatusType.closed": "Zamknięty",
	"clientStatusType.invalid": "Nieprawidłowy",
	"clientStatusType.transfer.in.progress": "Przelew w toku",
	"clientStatusType.transfer.on.hold": "Przelew zawieszony",
	"validation.msg.client.officeId.cannot.be.blank": "Biuro jest obowiązkowe.",
	"validation.msg.client.id.no.name.details.passed": "Szczegóły związane z nazwami klientów są obowiązkowe, a nie zostały dostarczone.",
	"validation.msg.client.firstname.cannot.be.blank": "Imię jest obowiązkowe.",
	"validation.msg.client.lastname.cannot.be.blank": "Nazwisko jest obowiązkowe.",
	"validation.msg.client.fullname.cannot.be.blank": "Imię i nazwisko jest obowiązkowe.",
	"validation.msg.client.active.must.be.true.or.false": "Stan aktywności jest obowiązkowy. Jego wartość musi być wartość \"true\" lub \"false\".",
	"validation.msg.client.active.pending.status.not.allowed": "Konfiguracja nie pozwala tworzyć klientów jako \"oczekujących\".",
	"validation.msg.client.activationDate.cannot.be.blank": "Data aktywacji jest wymagane do utworzenia \"aktywnego\" klienta.",
	"validation.msg.client.fullname.cannot.also.be.provided.when.firstname.is.populated": "Nie możesz wysłać zarówno \"Pełne nazwisko lub nazwa firmy\" i \"imię\" szczegółów.",
	"validation.msg.client.fullname.cannot.also.be.provided.when.middlename.is.populated": "Nie możesz wysłać zarówno \"Pełne nazwisko lub nazwa firmy\" i \"drugie imię\" szczegółów.",
	"validation.msg.client.fullname.cannot.also.be.provided.when.lastname.is.populated": "Nie możesz wysłać zarówno \"Pełne nazwisko lub nazwa firmy\" i \"nazwisko\" szczegółów.",
	"validation.msg.client.firstname.cannot.also.be.provided.when.fullname.is.populated": "Nie możesz wysłać zarówno \"Pełne nazwisko lub nazwa firmy\" i \"imię\" szczegółów.",
	"validation.msg.client.middlename.cannot.also.be.provided.when.fullname.is.populated": "Nie możesz wysłać zarówno \"Pełne nazwisko lub nazwa firmy\" i \"drugie imię\" szczegółów.",
	"validation.msg.client.lastname.cannot.also.be.provided.when.fullname.is.populated": "Nie możesz wysłać zarówno \"Pełne nazwisko lub nazwa firmy\" i \"nazwisko\" szczegółów.",
	"validation.msg.client.no.parameters.for.update": "Nic się nie zmieniło. Kliknij przycisk Anuluj.",
	"validation.msg.client.staffId.cannot.be.blank": "Proszę wybrać pracowników.",
	"error.msg.client.member.of.group.and.cannot.update.office": "Klient jest członkiem grupy, więc musisz biuro grupy.",
	"error.msg.clients.activationDate.cannot.be.before.office.activation.date": "Data aktywacji klienta nie może być wcześniejsza niż data otwarcia biura.",
	"error.msg.client.duplicate.externalId": "Klient z zewnętrznym ID `{{params[0].value}}` już istnieje.",
	"error.msg.client.duplicate.accountNo": "Klient z kontem numer `{{params[0].value}}` już istnieje.",
	"error.msg.client.id.invalid": "Klient nie istnieje.",
	"error.msg.client.not.active.exception": "Klient z ID `{{params[0].value}}` nie jest aktywny.",
	"validation.msg.clientIdentifier.documentKey.cannot.be.blank": "Identyfikacja # jest obowiązkowa.",
	"validation.msg.clientIdentifier.documentTypeId.cannot.be.blank": "Typ dokumentu tożsamości jest obowiązkowy.",
	"error.msg.image.type.upload": "Dozwolone są tylko pliki typu GIF, PNG lub JPG.",
	"validation.msg.clientImage.cannot.be.blank": "Wybierz obraz do przesłania.",
	"validation.msg.client.closureReasonId.cannot.be.blank": "Powód zamknięcia nie może być pusty.",
	"label.heading.addmember": "Dodaj członka",
	"label.heading.creategroup": "Stwórz grupę",
	"label.heading.editgroup": "Edytuj grupę",
	"label.heading.managemembers": "Zarządzaj członkami",
	"label.heading.associatenewmembers": "Nowi członkowie stowarzyszenia",
	"label.heading.groupmembers": "Członkowie grupy",
	"label.heading.nextmeetingon": "Następne spotkanie na",
	"label.heading.meetingfrequency": "Częstość spotkań",
	"label.heading.attachmeeting": "Dołącz spotkanie",
	"label.heading.editmeeting": "Edycja spotkania",
	"label.menu.selectoffice": "Wybierz biuro",
	"label.menu.selectstaff": "Wybierz pracowników",
	"label.menu.selectgroup": "Wybierz grupę",
	"label.anchor.groups": "Grupy",
	"label.anchor.viewgroup": "Przejrzyj grupy",
	"label.anchor.attachmeeting": "Dołącz spotkanie",
	"label.anchor.editmeeting": "Edycja spotkania",
	"label.anchor.creategroup": "Utwórz grupę",
	"label.input.role": "Rola",
	"label.input.meetingstartdate": "Data rozpoczęcia spotkania",
	"label.input.meetingdate": "Data spotkania",
	"label.input.addclients": "Dodaj klientów",
	"label.input.availableclients": "Dostępni klienci",
	"label.input.selectedclients": "Wybrani klienci",
	"label.input.destinationgroup": "Grupa docelowa",
	"label.input.searchformember": "Szukaj użytkownia",
	"label.button.creategroup": "Stwórz grupę",
	"label.button.managemembers": "Zarządzaj członkami",
	"label.button.transferclients": "Przenieś klientów",
	"label.button.attachmeeting": "Dołącz spotkanie",
	"label.nextmeetingon": "Następne spotkanie na",
	"label.numofactiveclient": "Aktywni klienci:",
	"label.nextmettingon": "Następne spotkanie na",
	"label.selectgroup": "Wybierz grupę",
	"label.selectstaff": "Wybierz pracowników",
	"label.active": "Aktywny",
	"groupingStatusType.pending": "Oczekujące",
	"groupingStatusType.active": "Aktywne",
	"groupingStatusType.closed": "Zamknięte",
	"error.msg.client.attach.to.group.invalid.office": "Grupa i jej klienci muszą należeć do tego samego biura.",
	"validation.msg.group.staffId.cannot.be.blank": "Proszę wybrać pracowników.",
	"error.msg.Group.close.active.clients.exist": "Nie można zamknąć. Grupa ma aktywnych klientów",
	"label.heading.addgroup": "Dodaj grupę",
	"label.heading.groups": "Grupy",
	"label.heading.groupdetails": "Szczegóły grupy",
	"label.heading.managegroups": "Zarządzanie grupami",
	"label.anchor.managegroups": "Zarządzanie grupami",
	"label.button.managegroups": "Zarządzanie grupami",
	"label.selectclients": "Wybierz klientów",
	"validation.msg.group.name.cannot.be.blank": "Nazwa jest obowiązkowa.",
	"validation.msg.group.officeId.cannot.be.blank": "Biuro jest obowiązkowe.",
	"error.msg.Center.close.active.groups.exist": "Nie można zamknąć. Istnieją aktywne grupy",
	"label.heading.acctype": "Typ konta",
	"label.heading.transactionnumber": "Numer transakcji",
	"label.heading.transactiondetails": "Szczegóły transakcji",
	"label.heading.transactionamount": "Kwota transakcji",
	"label.heading.fromClient": "Od klienta",
	"label.heading.currency": "Waluta",
	"label.input.account": "Konto",
	"label.input.currency": "Waluta",
	"accountType.savings": "Konto oszczędnościowe",
	"accountType.income": "Dochód",
	"label.heading.incomes": "Dochody",
	"label.input.exportexcel": "Format Excel",
	"label.input.exportcsv": "Format CSV",
	"label.input.pdfformat": "Format PDF",
	"label.input.reportname": "Nazwa raportu",
	"label.input.reporttype": "Typ raportu",
	"label.input.reportcategory": "Kategoria raportu",
	"label.button.exportcsv": "Eksportuj jako CSV",
	"label.button.export": "Eksportuj",
	"startDateSelect": "Data początkowa",
	"endDateSelect": "Data końcowa",
	"label.heading.guarantor": "Gwarant",
	"label.heading.value": "Wartość",
	"label.heading.total": "Razem",
	"label.heading.dob": "Data urodzenia",
	"label.heading.city": "Miasto",
	"label.heading.zip": "Kod pocztowy",
	"label.heading.mobile": "Telefon komórkowy",
	"label.heading.residence": "Miejsce zamieszkania",
	"label.heading.futureschedule": "Zaplanowane w przyszłości",
	"label.tooltip.loanProduct.active": "Aktywny",
	"label.tooltip.loanProduct.inActive": "Nieaktywny",
	"loanStatusType.active": "Aktywny",
	"label.heading.savingsDetails": "Zapisywanie szczegółów",
	"label.heading.inactivatecharge": "Dezaktywuj opłatę",
	"label.input.minRequiredBalance": "Minimalne saldo",
	"label.button.showActiveCharges": "Aktywne opłaty",
	"savingsAccountStatusType.active": "Aktywny",
	"error.msg.currency.currencyCode.inUse": "Waluta, którą próbujesz usunąć jest używana",
	"label.tooltip.employees.active.true": "Aktywny",
	"label.heading.events": "Wydarzenia",
	"label.heading.questions": "Pytania",
	"label.heading.countrycode": "Kod kraju",
	"label.anchor.managemembers": "Zarządzaj członkami",
	"label.input.displayname": "Wyświetlana nazwa",
	"label.input.events": "Wydarzenia",
	"clientIdentifierStatusType.inactive": "Nieaktywny",
	"clientIdentifierStatusType.active": "Aktywny",
	"label.selecthooktemplate": "Wybierz szablon",
	"error.msg.select.atleast.one.schedule.job": "Wybierz harmonogram zadań do uruchomienia.",
	"label.heading.active": "Aktywny",
	"label.add.row": "Dodaj",
	"label.remove.row": "Usuń",
	"chargeTimeType.sharespurchase": "Udostępnij zapłatę",
	"validation.msg.charge.amount.not.greater.than.zero": "Kwota opłaty musi być większa od zera.",
	"templates": "Szablony",
	"system": "System",
	"users": "Użytkownicy",
	"createuser": "Tworzenie użytkownika",
	"addmember": "Dodaj użytkownika",
	"addgroup": "Dodaj grupę",
	"editgroup": "Edytuj grupę",
	"edittemplate": "Edytuj szablon",
	"navoffices": "Nawigacja",
	"incentiveConditionType.greterthan": "Większy niż",
	"guarantorFundStatusType.active": "Aktywny",
	"error.msg.non.empty.datatable.cannot.be.deleted": "tabela danych która nie jest pusta nie może zostać usunięta.",
	" # teller management localization": "---",
	"label.heading.nodataavailablefor": "Dane nie są dostępne dla",
	"label.heading.notification": "Powiadomienia",
	"label.heading.createdAt": "Utworzone w"
}
