{
	"@metadata": {
		"authors": [
			"Ajeje Brazorf",
			"Alber85",
			"Amire80",
			"BaRaN6161 TURK",
			"Edcable",
			"Eleassar",
			"Fuseteam",
			"Hwangjy9",
			"JSantos",
			"Jeeputer",
			"Liuxinyu970226",
			"Meno25",
			"MuratTheTurkish",
			"NandaHtoon",
			"Nayan",
			"NeverBehave",
			"Patriot Kur",
			"Robby",
			"Rul1902",
			"Shirayuki",
			"Siebrand",
			"Vagnerrondon",
			"Vandasay",
			"Verdy p",
			"YougoTranslates",
			"Андрей"
		]
	},
	"label.heading.collaterals": "",
	"label.heading.name": "{{Identical|Name}}",
	"label.heading.alias": "{{Identical|Alias}}",
	"label.heading.country": "{{Identical|Country}}",
	"label.heading.startdate": "{{Identical|Start date}}",
	"label.heading.accnum": "{{Identical|Account}}",
	"label.heading.staff": "{{Identical|Staff}}",
	"label.heading.office": "Аофис",
	"label.heading.delete": "{{Identical|Delete}}",
	"label.heading.reject": "{{Identical|Reject}}",
	"label.heading.deleterole": "Mifos:X-label.heading.provisioningliabilityaccount/qqq",
	"label.heading.disablerole": "Disable Role",
	"label.heading.disabled": "{{Identical|Disabled}}",
	"label.heading.enabledrole": "{{Identical|Enabled}}",
	"label.heading.enablerole": "Mifos:X-label.heading.provisioningliabilityaccount/qqq",
	"label.heading.unassignstaff": "{{Identical|Unassign staff}}",
	"label.heading.assignstaff": "{{Identical|Assign staff}}",
	"label.heading.general": "{{Identical|General}}",
	"label.heading.performancehistory": "{{Identical|Performance history}}",
	"label.heading.settings": "{{Identical|Settings}}",
	"label.heading.status": "{{Identical|Status}}",
	"label.heading.loanaccount": "{{Identical|Loan account}}",
	"label.heading.type": "{{Identical|Type}}",
	"label.heading.category": "{{Identical|Category}}",
	"label.heading.balance": "{{Identical|Balance}}",
	"label.heading.savingaccount": "{{Identical|Saving account}}",
	"label.heading.description": "{{Identical|Description}}",
	"label.heading.shortname": "{{Identical|Short name}}",
	"label.heading.approve": "{{Identical|Approve}}",
	"label.heading.actions": "{{Identical|Action}}",
	"label.heading.members": "{{Identical|Member}}",
	"label.heading.confirm": "{{Identical|Confirm}}",
	"label.heading.attendance": "{{Identical|Attendance}}",
	"label.heading.comments": "{{Identical|Comment}}",
	"label.heading.id": "{{Identical|ID}}",
	"label.heading.activationdate": "{{Identical|Activation date}}",
	"label.heading.externalid": "{{Identical|External ID}}",
	"label.heading.summary": "{{Identical|Summary}}",
	"label.heading.products": "{{Identical|Product}}",
	"label.heading.branch": "{{Identical|Branch}}",
	"label.heading.notes": "{{Identical|Note}}",
	"label.heading.closedaccount": "{{Identical|Closed account}}",
	"label.heading.transactiondate": "{{Identical|Transaction date}}",
	"label.heading.account": "{{Identical|Account}}",
	"label.heading.debit": "{{Identical|Debit}}",
	"label.heading.credit": "Short form of Credit Card.\n{{Identical|Credit}}",
	"label.heading.updatedby": "",
	"label.heading.updatedon": "",
	"label.heading.error": "{{Identical|Error}}",
	"label.heading.client": "{{Identical|Client}}",
	"label.heading.accounttype": "{{Identical|Account type}}",
	"label.heading.user": "{{Identical|User}}",
	"label.heading.loan": "{{Identical|Loan}}",
	"label.heading.principal": "{{Identical|Principal}}",
	"label.heading.amount": "{{Identical|Amount}}",
	"label.heading.date": "{{Identical|Date}}",
	"label.heading.transactiontype": "{{Identical|Transaction type}}",
	"label.heading.due": "{{Identical|Due}}",
	"label.heading.paid": "{{Identical|Paid}}",
	"label.heading.waived": "{{Identical|Waived}}",
	"label.heading.outstanding": "{{Identical|Outstanding}}",
	"label.heading.details": "{{Identical|Detail}}",
	"label.heading.checkerinbox": "",
	"label.heading.notprovided": "{{Identical|Notprovided}}",
	"label.heading.notavailable": "{{Identical|Not available}}",
	"label.heading.next": "See also:\n* {{msg-mifos|X-label.heading.prev}}",
	"label.heading.prev": "See also:\n* {{msg-mifos|X-label.heading.next}}",
	"label.heading.provisioningcategory": "{{Identical|Category}}",
	"label.heading.provisioningpercentage": "Апроцент",
	"label.heading.provisioningliabilityaccount": "",
	"label.input.between": "{{Identical|Between}}",
	"label.heading.count": "{{Identical|Count}}",
	"label.heading.percentage": "{{Identical|Percentage}}",
	"label.heading.loanamount": "{{Identical|Original loan}}",
	"label.heading.outstandingamount": "{{identical|Loan balance}}",
	"label.heading.dueamount": "",
	"label.heading.arrears": "{{Identical|Arrear}}",
	"label.heading.reset": "{{Identical|Reset}}",
	"label.heading.dividends": "{{Identical|Dividend}}",
	"label.heading.equity": "{{Identical|Equity}}",
	"label.heading.message": "{{Identical|Message}}",
	"label.heading.preview": "{{Identical|Preview}}",
	"label.heading.address": "{{Identical|Address}}",
	"label.heading.campaign": "{{Identical|Campaign}}",
	"label.heading.isactive": "{{identical|Active}}",
	"label.menu.selectloanofficer": "{{Identical|Select staff}}",
	"label.menu.selectone": "{{Identical|Select one}}",
	"label.anchor.delete": "{{Identical|Delete}}",
	"label.achor.activate": "{{Identical|Activate}}",
	"label.anchor.close": "{{Identical|Close}}",
	"label.anchor.assignstaff": "{{Identical|Assign staff}}",
	"label.anchor.activate": "{{Identical|Activate}}",
	"label.anchor.editpermissions": "",
	"label.input.name": "{{Identical|Name}}",
	"label.input.firstname": "{{Identical|First name}}",
	"label.input.middlename": "{{Identical|Middle name}}",
	"label.input.fullname": "{{Identical|Name}}",
	"label.input.accno": "{{Identical|Account}}",
	"label.input.externalid": "{{Identical|External ID}}",
	"label.input.active": "{{Identical|Active}}",
	"label.input.enablepaymenttypes": "{{Identical|Enable}}",
	"label.input.assignstaff": "{{Identical|Assign staff}}",
	"label.input.description": "{{Identical|Description}}",
	"label.input.repeat": "{{Identical|Repeat}}",
	"label.input.comments": "{{Identical|Comment}}",
	"label.input.fromdate": "{{Identical|From date}}",
	"label.input.amount": "{{Identical|Amount}}",
	"label.input.branchoffice": "{{Identical|Branch office}}",
	"label.input.center": "{{Identical|Center}}",
	"label.input.note": "{{Identical|Note}}",
	"label.input.language": "{{Identical|Language}}",
	"label.input.dateformat": "{{Identical|Date format}}",
	"label.input.gender": "{{Identical|Gender}}",
	"label.input.dateofbirth": "{{Identical|Date of birth}}",
	"label.input.true": "{{Identical|True}}",
	"label.input.false": "{{Identical|False}}",
	"label.input.remarks": "{{Identical|Remark}}",
	"label.input.status": "{{Identical|Status}}",
	"label.input.city": "{{Identical|City}}",
	"label.input.email": "{{Identical|E-mail}}",
	"label.button.previous": "{{Identical|Previous}}",
	"label.button.save": "{{Identical|Submit}}",
	"label.button.cancel": "{{Identical|Cancel}}",
	"label.button.edit": "{{Identical|Redaktar}}",
	"label.button.delete": "{{Identical|Delete}}",
	"label.button.confirm": "{{Identical|Confirm}}",
	"label.button.unassignstaff": "{{Identical|Unassign staff}}",
	"label.button.assignstaff": "{{Identical|Assign staff}}",
	"label.button.activate": "{{Identical|Activate}}",
	"label.button.newloan": "{{Identical|New loan}}",
	"label.button.transferclient": "Transfer client refers to the action transferring a client  from one group of borrowers to another group or transferring a client from one branch office to another branch office.\n{{Identical|Transfer client}}",
	"label.button.newsaving": "{{Identical|New saving}}",
	"label.button.accepttransfer": "This refer to the action of transferring a client from one branch office to another branch office.\n\nOnce a transfer is initiated from one branch, the client and their accounts are put in a suspended state until the receiving branch office either 1) Rejects the Transfer of the Client 2) Accepts the Transfer of the Client or 3) Undo a Transfer.",
	"label.button.rejecttransfer": "This refer to the action of transferring a client from one branch office to another branch office.\n\nOnce a transfer is initiated from one branch, the client and his/her accounts are put in a suspended state until the receiving branch office either 1) Rejects the Transfer of the Client 2) Accepts the Transfer of the Client or 3) Undo a Transfer.\n{{Identical|Reject transfer}}",
	"label.button.undotransfer": "{{Identical|Undo transfer}}",
	"label.button.add": "{{Identical|Add}}",
	"label.button.back": "{{Identical|Back}}",
	"label.button.attendance": "{{Identical|Attendance}}",
	"label.button.unassign": "{{Identical|Unassign}}",
	"label.button.processing": "{{Identical|Processing}}",
	"label.button.collectionsheet": "{{Identical|Collection sheet}}",
	"label.button.more": "{{Identical|More}}",
	"label.button.clientscreenreports": "{{Identical|Client screen report}}",
	"label.button.summary": "{{Identical|Summary}}",
	"label.button.submit": "{{Identical|Submit}}",
	"label.button.selectAll": "{{Identical|Select all}}",
	"label.button.dividends": "{{Identical|Dividend}}",
	"label.button.proceed": "{{Identical|Proceed}}",
	"label.areyousure": "{{Identical|Are you sure?}}",
	"label.requiredfield": "{{Identical|Required field}}",
	"label.edit": "{{Identical|Edit}}",
	"label.all": "{{Identical|All}}",
	"label.requirefield": "{{Identical|Required field}}",
	"label.percentage": "{{Identical|Percentage}}",
	"label.and": "{{Identical|And}}",
	"label.today": "",
	"label.delete": "{{Identical|Delete}}",
	"label.heading.payloancharge": "none",
	"label.anchor.paycharge": "{{Identical|Pay charge}}",
	"label.heading.dashboard": "{{Identical|Dashboard}}",
	"label.heading.home": "{{Identical|Home}}",
	"label.heading.welcome": "{{Identical|Welcome}}",
	"label.heading.action": "{{Identical|Action}}",
	"label.heading.entity": "{{Identical|Entity}}",
	"label.heading.firstname": "{{Identical|First name}}",
	"label.heading.fullname": "{{Identical|Name}}",
	"label.heading.contribute": "{{Identical|Contribute}}",
	"label.heading.loginname": "{{Identical|Login name}}",
	"label.heading.userid": "{{Identical|User ID}}",
	"label.heading.username": "{{Identical|Username}}",
	"label.heading.keyboarshortcuts": "{{Identical|Keyboard shortcut}}",
	"label.heading.collectionsheet": "{{Identical|Collection sheet}}",
	"label.heading.reports": "{{Identical|Report}}",
	"label.heading.cancel": "{{Identical|Cancel}}",
	"label.heading.runreport": "{{Identical|Run report}}",
	"label.heading.logout": "{{Identical|Log out}}",
	"label.heading.search": "{{Identical|Search}}",
	"label.heading.help": "{{Identical|Help}}",
	"label.heading.language": "{{Identical|Language}}",
	"label.menu.office": "{{Identical|Office}}",
	"label.anchor.logout": "{{Identical|Sign out}}",
	"label.anchor.loans": "{{Identical|Loan}}",
	"label.anchor.funds": "{{Identical|Fund}}",
	"label.anchor.admin": "{{Identical|Admin}}",
	"label.anchor.reports": "{{Identical|Report}}",
	"label.anchor.profile": "{{Identical|Profile}}",
	"label.anchor.collectionsheet": "{{Identical|Collection sheet}}",
	"label.anchor.client": "{{Identical|Client}}",
	"label.anchor.center": "{{Identical|Center}}",
	"label.anchor.usermanual": "{{Identical|User manual}}",
	"label.anchor.usersgroup": "{{Identical|User group}}",
	"label.anchor.donate": "{{Identical|Donate}}",
	"label.anchor.irc": "{{Identical|IRC}}",
	"label.anchor.dashboard": "{{Identical|Dashboard}}",
	"label.anchor.help": "{{Identical|Help}}",
	"label.anchor.about": "{{Identical|About}}",
	"label.anchor.keyboardshortcut": "",
	"label.anchor.save": "{{Identical|Save}}",
	"label.search.scope.all": "{{Identical|All}}",
	"label.search.scope.clients.and.clientIdentifiers": "{{Identical|Client}}",
	"label.search.scope.groups.and.centers": "{{Identical|Group}}",
	"label.search.scope.shares": "{{Identical|Share}}",
	"label.button.approve": "{{Identical|Approve}}",
	"label.button.centers": "{{Identical|Center}}",
	"label.button.week": "{{Identical|Week}}",
	"label.button.month": "{{Identical|Month}}",
	"label.button.day": "{{Identical|Day}}",
	"label.button.resetPassword": "{{Identical|Reset password}}",
	"label.notactivated": "{{Identical|Not enabled}}",
	"label.unassigned": "{{Identical|Unassigned}}",
	"label.heading.identities": "{{Identical|Identity}}",
	"label.heading.filename": "{{Identical|Filename}}",
	"label.heading.templates": "{{Identical|Template}}",
	"label.heading.editclient": "{{Identical|Edit client}}",
	"label.heading.clientscreenreport": "{{Identical|Client screen report}}",
	"label.heading.clientno": "{{Identical|Client}}",
	"label.anchor.viewclient": "{{Identical|View client}}",
	"label.anchor.transferclient": "Transfer client refers to the action transferring a client  from one group of borrowers to another group or transferring a client from one branch office to another branch office.\n{{Identical|Transfer client}}",
	"label.anchor.editclient": "{{Identical|Edit client}}",
	"label.anchor.clientscreenreport": "{{Identical|Client screen report}}",
	"label.anchor.reactivate": "{{Identical|Reactivate}}",
	"label.input.documenttype": "{{Identical|Document type}}",
	"label.button.print": "{{Identical|Print}}",
	"label.button.download": "{{Identical|Download}}",
	"label.button.uploadpic": "attach or select or upload client's photo or portrait",
	"label.button.reactivate": "{{Identical|Reactivate}}",
	"label.button.ok": "{{Identical|OK}}",
	"label.button.reset": "{{Identical|Reset}}",
	"label.button.clear": "{{Identical|Clear}}",
	"clientStatusType.pending": "{{Identical|Pending}}",
	"clientStatusType.active": "{{Identical|Active}}",
	"clientStatusType.closed": "{{Identical|Closed}}",
	"clientStatusType.invalid": "{{Identical|Invalid}}",
	"validation.msg.client.firstname.cannot.be.blank": "{{Identical|First name is mandatory}}",
	"validation.msg.client.lastname.cannot.be.blank": "{{Identical|Last name is mandatory}}",
	"label.heading.addmember": "{{Identical|Add member}}",
	"label.heading.addrole": "{{Identical|Add role}}",
	"label.heading.creategroup": "{{Identical|Create group}}",
	"label.heading.editgroup": "{{Identical|Edit group}}",
	"label.heading.managemembers": "{{Identical|Manage member}}",
	"label.heading.groupaccounts": "Group Accounts refer to both savings and loan account that are held jointly by a microfinance group of five to fifteen borrowers that either co-guarantee a loan or co-hold a savings account.\n{{Identical|Group account}}",
	"label.heading.role": "{{Identical|Role}}",
	"label.heading.center": "{{Identical|Center}}",
	"label.menu.selectoffice": "{{Identical|Select office}}",
	"label.menu.selectstaff": "{{Identical|Select staff}}",
	"label.anchor.creategroup": "{{Identical|Create group}}",
	"label.input.role": "{{Identical|Role}}",
	"label.input.error": "{{Identical|Error}}",
	"label.button.creategroup": "{{Identical|Create group}}",
	"label.button.managemembers": "{{Identical|Manage member}}",
	"label.button.transferclients": "Transfer client refers to the action transferring a client  from one group of borrowers to another group or transferring a client from one branch office to another branch office.\n{{Identical|Transfer client}}",
	"label.selectstaff": "{{Identical|Select staff}}",
	"label.active": "{{Identical|Active}}",
	"groupingStatusType.pending": "{{Identical|Pending}}",
	"groupingStatusType.active": "{{Identical|Active}}",
	"groupingStatusType.closed": "{{Identical|Closed}}",
	"label.heading.addgroup": "{{Identical|Add group}}",
	"label.heading.createcenter": "{{Identical|Create center}}",
	"label.heading.editcenter": "{{Identical|Edit center}}",
	"label.heading.managegroups": "{{Identical|Manage group}}",
	"label.heading.group": "{{Identical|Group}}",
	"label.anchor.centers": "{{Identical|Center}}",
	"label.anchor.viewcenter": "{{Identical|View center}}",
	"label.anchor.createcenter": "{{Identical|Create center}}",
	"label.anchor.editcenter": "{{Identical|Edit center}}",
	"label.anchor.managegroups": "{{Identical|Manage group}}",
	"label.button.createcenter": "{{Identical|Create center}}",
	"label.button.managegroups": "{{Identical|Manage group}}",
	"label.selectclients": "{{Identical|Select client}}",
	"validation.msg.group.name.cannot.be.blank": "{{Identical|Name is mandatory}}",
	"label.heading.accountingrules": "{{Identical|Accounting rule}}",
	"label.heading.editglaccount": "GL means [[w:General ledger]].",
	"label.heading.accounttransfers": "{{Identical|Account transfer}}",
	"label.heading.applicant": "{{Identical|Applicant}}",
	"label.heading.execute.periodic.accounting": "",
	"label.anchor.accounting": "{{Identical|Accounting}}",
	"label.anchor.accountingrules": "{{Identical|Accounting rule}}",
	"label.anchor.accountsclosure": "{{Identical|Account closure}}",
	"label.anchor.addrule": "{{Identical|Add rule}}",
	"label.anchor.editglaccount": "GL means [[w:General ledger]].",
	"label.anchor.accountclosure": "{{Identical|Account closure}}",
	"label.anchor.accounttransfers": "{{Identical|Account transfer}}",
	"label.input.accountingrules": "{{Identical|Accounting rule}}",
	"label.input.credit": "Short form of Credit Card.\n{{Identical|Credit}}",
	"label.input.debit": "{{Identical|Debit}}",
	"label.input.account": "{{Identical|Account}}",
	"journalEntryType.credit": "Short form of Credit Card.\n{{Identical|Credit}}",
	"journalEntrytType.debit": "{{Identical|Debit}}",
	"label.button.addaccount": "",
	"label.button.addrule": "{{Identical|Add rule}}",
	"label.button.expand.all": "{{Identical|Expand}}",
	"label.button.collapse.all": "{{Identical|Collapse all}}",
	"assetTransfer": "{{Identical|Asset transfer}}",
	"label.selectoffice": "{{Identical|Select office}}",
	"accountType.loan": "{{Identical|Loan account}}",
	"accountType.savings": "{{Identical|Savings account}}",
	"accountType.asset": "{{Identical|Asset}}",
	"accountType.liability": "{{Identical|Liability}}",
	"accountType.equity": "{{Identical|Equity}}",
	"accountType.income": "{{Identical|Income}}",
	"accountType.expense": "{{Identical|Expense}}",
	"accountUsage.detail": "{{Identical|Detail}}",
	"accountUsage.header": "{{Identical|Header}}",
	"validation.msg.GLAccount.glCode.cannot.be.blank": "GL means [[w:General ledger]].",
	"label.heading.sql": "{{Identical|Sql}}",
	"label.heading.parameter": "{{Identical|Parameter}}",
	"label.heading.usereport": "{{Identical|Use report}}",
	"label.heading.reporttype": "{{Identical|Report type}}",
	"label.heading.userreport": "{{Identical|User report}}",
	"label.heading.portfolio": "{{Identical|Portfolio}}",
	"label.heading.incomes": "{{Identical|Income}}",
	"label.anchor.createreport": "{{Identical|Create report}}",
	"label.anchor.runreport": "{{Identical|Run report}}",
	"label.anchor.xbrl": "XBRL is short for eXtensible Business Reporting Language. See [[w:XBRL]].",
	"label.input.reporttype": "{{Identical|Report type}}",
	"label.input.usereport": "{{Identical|Use report}}",
	"label.input.sql": "{{Identical|Sql}}",
	"label.input.barchart": "{{Identical|Bar chart}}",
	"label.button.runreport": "{{Identical|Run report}}",
	"label.button.createreport": "{{Identical|Create report}}",
	"label.button.parameters": "{{Identical|Parameter}}",
	"label.button.export": "{{Identical|Export}}",
	"startDateSelect": "{{Identical|Start date}}",
	"endDateSelect": "{{Identical|End date}}",
	"OfficeIdSelectOne": "{{Identical|Select office}}",
	"currencyIdSelectAll": "{{Identical|Select currency}}",
	"fundIdSelectAll": "{{Identical|Select fund}}",
	"loanProductIdSelectAll": "{{Identical|Select loan product}}",
	"loanPurposeIdSelectAll": "{{Identical|Select loan purpose}}",
	"label.heading.loanpurpose": "{{Identical|Loan purpose}}",
	"label.heading.loanaccountnum": "{{Identical|Loan account}}",
	"label.heading.loanrepayments": "{{Identical|Loan repayment}}",
	"label.heading.loanwaiveinterest": "{{Identical|Waive interest}}",
	"label.heading.disbursementdate": "{{Identical|Disbursement date}}",
	"label.heading.loanofficer": "{{Identical|Loan officer}}",
	"label.heading.disburseamount": "{{Identical|Disburse amount}}",
	"label.heading.approvedamount": "",
	"label.heading.interest": "{{Identical|Interest}}",
	"label.heading.submittedondate": "{{Identical|Submitted on}}",
	"label.heading.approvedondate": "{{Identical|Approved on}}",
	"label.heading.disbursedondate": "{{Identical|Disbursed on}}",
	"label.heading.disburse": "{{Identical|Disburse}}",
	"label.heading.arearstolerance": "{{Identical|Arrear tolerance}}",
	"label.heading.interestchargedfrom": "{{Identical|Interest charged from}}",
	"label.heading.firstrepaymenton": "{{Identical|First repayment on}}",
	"label.heading.guarantortype": "{{Identical|Guarantor type}}",
	"label.heading.relationship": "{{Identical|Relationship}}",
	"label.heading.dob": "{{Identical|Date of birth}}",
	"label.heading.city": "{{Identical|City}}",
	"label.heading.residence": "{{Identical|Residence}}",
	"label.heading.repaymentschedule": "{{Identical|Repayment schedule}}",
	"label.heading.originalschedule": "{{Identical|Original schedule}}",
	"label.heading.transactions": "{{Identical|Transaction}}",
	"label.heading.interestChargedFrom": "{{Identical|Interest charged from}}",
	"label.heading.writtenoff": "{{Identical|Written off}}",
	"label.heading.penalities": "{{Identical|Penaltie}}",
	"label.heading.loan.balance": "{{Identical|Loan balance}}",
	"label.heading.installmenttotals": "{{Identical|Installment total}}",
	"label.heading.viewcollateral": "{{Identical|View collateral}}",
	"label.heading.loanscreenreport": "{{Identical|Loan screen report}}",
	"label.heading.recoverypayment": "{{Identical|Recovery repayment}}",
	"label.anchor.approve": "{{Identical|Approve}}",
	"label.anchor.reject": "{{Identical|Reject}}",
	"label.anchor.withdraw": "{{Identical|Withdraw}}",
	"label.anchor.undodisbursal": "{{Identical|Undo disbursal}}",
	"label.anchor.repayment": "{{Identical|Repayment}}",
	"label.anchor.writeoff": "{{Identical|Write off}}",
	"label.anchor.viewcollateral": "{{Identical|View collateral}}",
	"label.anchor.viewschedule": "{{Identical|Schedule}}",
	"label.input.charge": "{{Identical|Charge}}",
	"label.input.relationship": "{{Identical|Relationship}}",
	"label.input.address": "{{Identical|Address}}",
	"label.input.zip": "{{Identical|Zip}}",
	"label.input.residence": "{{Identical|Residence}}",
	"label.input.syncdisbursementdatewithmeeting": "Ainda verificar a tradução de meeting",
	"label.input.interestchargedfrom": "{{Identical|Interest charged from}}",
	"label.input.firstrepaymenton": "{{Identical|First repayment on}}",
	"label.input.approvedondate": "{{Identical|Approved on}}",
	"label.input.disbursedondate": "{{Identical|Disbursed on}}",
	"label.input.loanofficerunassigneddate": "{{Identical|Unassigned on}}",
	"label.input.paymenttype": "{{Identical|Payment type}}",
	"label.input.actions": "{{Identical|Action}}",
	"label.input.linksavings": "{{Identical|Link saving}}",
	"label.input.installment": "{{Identical|Select installment}}",
	"label.input.loan.disbursaldate": "{{Identical|Disbursement date}}",
	"label.button.addcollateral": "{{Identical|Add collateral}}",
	"label.button.undodisbursal": "{{Identical|Undo disbursal}}",
	"label.button.makerepayment": "{{Identical|Make repayment}}",
	"label.button.waiveinterest": "{{Identical|Waive interest}}",
	"label.button.writeoff": "{{Identical|Write off}}",
	"label.button.details": "{{Identical|Detail}}",
	"label.button.recoverypayment": "{{Identical|Recovery repayment}}",
	"label.selectpurpose": "{{Identical|Select purpose}}",
	"label.selectloanproduct": "{{Identical|Select loan product}}",
	"label.tooltip.loanProduct.active": "{{Identical|Active}}",
	"label.tooltip.loanProduct.inActive": "{{Identical|Inactive}}",
	"loanTransactionType.applyCharges": "",
	"loanTransactionType.writeOff": "{{Identical|Write off}}",
	"loanTransactionType.cancelTransfer": "{{Identical|Transfer cancelled}}",
	"loanTransactionType.approveTransfer": "{{Identical|Transfer approved}}",
	"loanTransactionType.chargePayment": "{{Identical|Fee payment}}",
	"loanStatusType.approved": "{{Identical|Approved}}",
	"loanStatusType.active": "{{Identical|Active}}",
	"loanStatusType.closed.reschedule.outstanding.amount": "{{Identical|Closed}}",
	"validation.msg.loan.linkAccountId.cannot.be.blank": "",
	"validation.msg.loan.repaymentEvery.cannot.be.blank": "Please rephrase \"Repaid every\".",
	"validation.msg.loan.repaymentEvery.not.greater.than.zero": "Please rephrase the term \"repaid every\"",
	"validation.msg.Guarantor.firstname.cannot.be.blank": "{{Identical|First name is mandatory}}",
	"validation.msg.Guarantor.lastname.cannot.be.blank": "{{Identical|Last name is mandatory}}",
	"label.heading.terms": "{{Identical|Term}}",
	"label.heading.decimalplaces": "{{Identical|Decimal place}}",
	"label.heading.charges": "{{Identical|Charge}}",
	"label.heading.inactivatecharge": "{{Identical|Inactivate charge}}",
	"label.heading.checknumber": "{{Identical|Cheque}}",
	"label.heading.receiptnumber": "{{Identical|Receipt number}}",
	"label.heading.banknumber": "{{Identical|Bank}}",
	"label.heading.assets": "{{Identical|Asset}}",
	"label.heading.lienAllowed": "'''FIXME:''' there's a typo/non-sense in the English source ?\n\nReplace '''lien''' by '''line''' or '''link''', or better explain this term (see [[Thread:Translating talk:Mifos/About Mifos:X-label.input.maxallowedlienlimit/en]] for the reported bug).",
	"label.heading.maxAllowedLienLimit": "'''FIXME:''' there's a typo/non-sense in the English source ?\n\nReplace '''lien''' by '''line''' or '''link''', or better explain this term (see [[Thread:Translating talk:Mifos/About Mifos:X-label.input.maxallowedlienlimit/en]] for the reported bug).",
	"label.heading.minRequiredBalance": "{{Identical|Minimum balance}}",
	"label.input.charges": "{{Identical|Charge}}",
	"label.input.chargetimetype": "{{Identical|Charge time type}}",
	"label.input.applicant": "{{Identical|Applicant}}",
	"label.input.product": "{{Identical|Product}}",
	"label.input.submittedon": "{{Identical|Submitted on}}",
	"label.input.savingaccountapprovedOnDate": "{{Identical|Approved on}}",
	"label.input.Lein": "Please EXPLAIN the meaning of the source message in English, or FIX IT (and invalidate existing translations).\nSee [[Thread:Translating talk:Mifos/About Mifos:X-label.input.Lein/fr]]",
	"label.input.accnum": "{{Identical|Account}}",
	"label.input.checknumber": "{{Identical|Cheque}}",
	"label.input.receiptnumber": "{{Identical|Receipt}}",
	"label.input.banknumber": "{{Identical|Bank}}",
	"label.input.duedate": "{{Identical|Due date}}",
	"label.input.loanpurpose": "{{Identical|Loan purpose}}",
	"label.input.months": "{{Identical|Month}}",
	"label.input.weeks": "{{Identical|Week}}",
	"label.input.onAccountClosure": "{{Identical|Action}}",
	"label.input.minRequiredBalance": "{{Identical|Minimum balance}}",
	"label.button.undo": "{{Identical|Undo}}",
	"label.button.deposit": "{{Identical|Deposit}}",
	"label.button.withdraw": "{{Identical|Withdraw}}",
	"label.button.loanscreenreport": "{{Identical|Loan screen report}}",
	"label.button.paycharge": "{{Identical|Pay charge}}",
	"label.button.inactivatecharge": "{{Identical|Inactivate charge}}",
	"label.on": "{{Identical|On}}\nlacks context",
	"label.survey": "{{Identical|Survey}}",
	"label.account.deposit.principal.amount": "{{Identical|Principal amount}}",
	"label.account.deposit.period": "{{Identical|Period}}",
	"label.account.maturity.date": "{{Identical|Maturity date}}",
	"label.account.maturity.amount": "{{Identical|Maturity amount}}",
	"label.account.deposit.frequency": "{{Identical|Deposit frequency}}",
	"label.tooltip.lienallowed": "'''FIXME:''' there's a typo/non-sense in the English source ?\n\nReplace '''lien''' by '''line''' or '''link''', or better explain this term (see [[Thread:Translating talk:Mifos/About Mifos:X-label.input.maxallowedlienlimit/en]] for the reported bug).",
	"label.tooltip.maxallowedlienlimit": "'''FIXME:''' there's a typo/non-sense in the English source ?\n\nReplace '''lien''' by '''line''' or '''link''', or better explain this term (see [[Thread:Translating talk:Mifos/About Mifos:X-label.input.maxallowedlienlimit/en]] for the reported bug).",
	"savings.interest.rate.savingsPeriodFrequencyType.days": "{{Identical|Per day}}",
	"savings.interest.rate.savingsPeriodFrequencyType.weeks": "{{Identical|Per week}}",
	"savings.interest.rate.savingsPeriodFrequencyType.months": "{{Identical|Per month}}",
	"savings.interest.rate.savingsPeriodFrequencyType.years": "{{Identical|Per year}}",
	"savings.lockin.savingsPeriodFrequencyType.days": "{{Identical|Day}}",
	"savings.lockin.savingsPeriodFrequencyType.weeks": "{{Identical|Week}}",
	"savings.lockin.savingsPeriodFrequencyType.months": "{{Identical|Month}}",
	"savings.lockin.savingsPeriodFrequencyType.years": "{{Identical|Year}}",
	"savingsWithdrawalFeesType.invalid": "{{Identical|Invalid}}",
	"savingsWithdrawalFeesType.flat": "{{Identical|Flat}}",
	"savings.interest.period.savingsCompoundingInterestPeriodType.invalid": "{{Identical|Invalid}}",
	"savings.interest.period.savingsCompoundingInterestPeriodType.daily": "{{Identical|Daily}}",
	"savings.interest.period.savingsCompoundingInterestPeriodType.weekly": "{{Identical|Weekly}}",
	"savings.interest.period.savingsCompoundingInterestPeriodType.monthly": "{{Identical|Monthly}}",
	"savings.interest.period.savingsCompoundingInterestPeriodType.quarterly": "{{Identical|Quarterly}}",
	"savings.interest.period.savingsCompoundingInterestPeriodType.annual": "{{Identical|Annually}}",
	"savings.interest.posting.period.savingsPostingInterestPeriodType.invalid": "{{Identical|Invalid}}",
	"savings.interest.posting.period.savingsPostingInterestPeriodType.monthly": "{{Identical|Monthly}}",
	"savings.interest.posting.period.savingsPostingInterestPeriodType.quarterly": "{{Identical|Quarterly}}",
	"savings.interest.posting.period.savingsPostingInterestPeriodType.annual": "{{Identical|Annually}}",
	"savingsInterestCalculationDaysInYearType.invalid": "{{Identical|Invalid}}",
	"savingsAccountTransactionType.deposit": "{{Identical|Deposit}}",
	"savingsAccountTransactionType.withdrawal": "{{Identical|Withdrawal}}",
	"savingsAccountTransactionType.interestPosting": "{{Identical|Interest posting}}",
	"savingsAccountTransactionType.withdrawalFee": "{{Identical|Withdrawal fee}}",
	"savingsAccountTransactionType.annualFee": "{{Identical|Annual fee}}",
	"savingsAccountTransactionType.initiateTransfer": "{{Identical|Initiate transfer}}",
	"savingsAccountTransactionType.approveTransfer": "",
	"savingsAccountTransactionType.withdrawTransfer": "{{Identical|Withdraw transfer}}",
	"savingsAccountTransactionType.rejectTransfer": "{{Identical|Reject transfer}}",
	"savingsAccountStatusType.invalid": "{{Identical|Invalid status}}",
	"savingsAccountStatusType.approved": "{{Identical|Approved}}",
	"savingsAccountStatusType.active": "{{Identical|Active}}",
	"savingsAccountStatusType.rejected": "{{Identical|Rejected}}",
	"savingsAccountStatusType.closed": "{{Identical|Closed}}",
	"recurring.deposit.frequency.periodFrequencyType.days": "{{Identical|Day}}",
	"recurring.deposit.frequency.periodFrequencyType.weeks": "{{Identical|Week}}",
	"recurring.deposit.frequency.periodFrequencyType.months": "{{Identical|Month}}",
	"recurring.deposit.frequency.periodFrequencyType.years": "{{Identical|Year}}",
	"label.heading.createuser": "{{Identical|Create user}}",
	"label.heading.permissions": "Heading label 'permissions'",
	"label.heading.edituser": "{{Identical|Edit user}}",
	"label.heading.enabled": "{{Identical|Enabled}}",
	"label.heading.systemusers": "{{Identical|System user}}",
	"label.heading.newuser": "{{Identical|New user}}",
	"label.heading.familyname": "{{Identical|Family name}}",
	"label.heading.givenname": "{{Identical|Given name}}",
	"label.heading.usersettings": "{{Identical|User setting}}",
	"label.heading.email": "{{Identical|E-mail}}",
	"label.heading.changepassword": "{{Identical|Change password}}",
	"label.heading.roles": "{{Identical|Role}}",
	"label.anchor.users": "{{Identical|User}}",
	"label.anchor.createuser": "{{Identical|Create user}}",
	"label.anchor.edituser": "{{Identical|Edit user}}",
	"label.anchor.globalconfigurations": "{{Identical|Global configuration}}",
	"label.anchor.editconfiguration": "{{Identical|Edit configuration}}",
	"label.input.username": "{{Identical|Username}}",
	"label.input.password": "{{Identical|Password}}",
	"label.input.repeatpassword": "{{Identical|Repeat password}}",
	"label.input.selectroles": "{{Identical|Select role}}",
	"label.input.roles": "{{Identical|Role}}",
	"label.button.createuser": "{{Identical|Create user}}",
	"label.button.changepassword": "{{Identical|Change password}}",
	"validation.msg.user.firstname.cannot.be.blank": "{{Identical|First name is mandatory}}",
	"validation.msg.user.lastname.cannot.be.blank": "{{Identical|Last name is mandatory}}",
	"label.heading.clients": "{{Identical|Client}}",
	"label.anchor.importusers": "{{Identical|User}}",
	"label.anchor.importgroups": "{{Identical|Group}}",
	"label.anchor.organization": "{{Identical|Organization}}",
	"label.anchor.editrole": "{{Identical|Edit role}}",
	"label.input.percentage": "{{Identical|Percentage}}",
	"label.input.debitaccounttype": "{{Identical|Debit}}\n{{Identical|Account type}}",
	"validation.msg.office.name.cannot.be.blank": "{{Identical|Name is mandatory}}",
	"validation.msg.fund.name.cannot.be.blank": "{{Identical|Name is mandatory}}",
	"validation.msg.staff.lastname.cannot.be.blank": "{{Identical|Last name is mandatory}}",
	"validation.msg.staff.firstname.cannot.be.blank": "{{Identical|First name is mandatory}}",
	"label.tooltip.employees.active.true": "{{Identical|Active}}",
	"label.heading.text": "{{Identical|Text}}",
	"label.heading.addcode": "{{Identical|Add code}}",
	"label.heading.codename": "{{Identical|Code name}}",
	"label.heading.events": "{{identical|Event}}",
	"label.heading.entityname": "{{Identical|Entity name}}",
	"label.heading.createdatatable": "{{Identical|Create data table}}",
	"label.heading.columns": "{{Identical|Column}}",
	"label.heading.mandatory": "{{Identical|Mandatory}}",
	"label.heading.length": "{{Identical|Length}}",
	"label.heading.code": "{{Identical|Code}}",
	"label.heading.datatablename": "{{Identical|Data table name}}",
	"label.heading.editcode": "{{Identical|Edit code}}",
	"label.heading.editdatatable": "{{Identical|Edit data table}}",
	"label.heading.command": "{{Identical|Command}}",
	"label.heading.position": "{{Identical|Position}}",
	"label.heading.fieldname": "{{Identical|Field name}}",
	"label.heading.follow": "{{Identical|Follow}}",
	"label.heading.cronexpression": "a cron expression is expression used to schedule a task to be performed at a certain time and/or a certain frequency by the system. it is often used on web servers to do scheduled maintainence and such",
	"label.heading.jobname": "{{Identical|Job name}}",
	"label.heading.version": "{{Identical|Version}}",
	"label.heading.checker": "",
	"label.anchor.templates": "{{Identical|Template}}",
	"label.anchor.system": "{{Identical|System}}",
	"label.anchor.addcode": "{{Identical|Add code}}",
	"label.anchor.audit": "{{Identical|Audit}}",
	"label.anchor.managedatatables": "{{Identical|Manage data table}}",
	"label.anchor.createdatatable": "{{Identical|Create data table}}",
	"label.anchor.editcode": "{{Identical|Edit code}}",
	"label.anchor.editdatatable": "{{Identical|Edit data table}}",
	"label.anchor.clickheretogeneratecron": "a cron expression is expression used to schedule a task to be performed at a certain time and/or a certain frequency by the system. it is often used on web servers to do scheduled maintainence and such",
	"label.anchor.addrole": "{{Identical|Add role}}",
	"label.anchor.viewroles": "{{Identical|View role}}",
	"label.anchor.viewrole": "{{Identical|View role}}",
	"label.anchor.configuration": "{{Identical|Configuration}}",
	"label.anchor.managemembers": "{{Identical|Manage member}}",
	"label.input.street": "{{Identical|Street}}",
	"label.input.entity": "{{Identical|Entity}}",
	"label.input.type": "{{Identical|Type}}",
	"label.input.templatename": "{{Identical|Template name}}",
	"label.input.codename": "{{Identical|Code name}}",
	"label.input.hooktemplate": "{{Identical|Hook template}}",
	"label.input.displayname": "{{Identical|Display name}}",
	"label.input.events": "{{identical|Event}}",
	"label.input.datatablename": "{{Identical|Data table name}}",
	"label.input.addcolumns": "",
	"label.input.position": "{{Identical|Position}}",
	"label.input.cornexpression": "a cron expression is expression used to schedule a task to be performed at a certain time and/or a certain frequency by the system. it is often used on web servers to do scheduled maintainence and such",
	"label.input.jobname": "{{Identical|Job name}}",
	"Customer Identifier": "{{Identical|Customer identifier}}",
	"LoanCollateral": "{{Identical|Loan collateral}}",
	"LoanPurpose": "{{Identical|Loan purpose}}",
	"Gender": "{{Identical|Gender}}",
	"PaymentType": "{{Identical|Payment type}}",
	"amortizationType": "{{Identical|Amortization}}",
	"accountingRule": "{{Identical|Accounting rule}}",
	"writeOffAccountId": "{{Identical|Writeoff account}}",
	"clientIdentifierStatusType.inactive": "{{Identical|Inactive}}",
	"clientIdentifierStatusType.active": "{{Identical|Active}}",
	"label.button.addcode": "{{Identical|Add code}}",
	"label.button.createdatatable": "{{Identical|Create data table}}",
	"label.button.refresh": "{{Identical|Refresh}}",
	"label.button.viewhistory": "{{Identical|View history}}",
	"label.button.addrole": "{{Identical|Add role}}",
	"label.button.editcode": "{{Identical|Edit code}}",
	"label.button.addpreferences": "",
	"label.loan": "{{Identical|Loan}}",
	"label.client": "{{Identical|Client}}",
	"label.entity": "{{Identical|Entity}}",
	"label.group": "{{Identical|Group}}",
	"label.center": "{{Identical|Center}}",
	"label.office": "{{Identical|Office}}",
	"label.string": "{{Identical|String}}",
	"label.number": "{{Identical|Number}}",
	"label.boolean": "{{Identical|Boolean}}",
	"label.decimal": "{{Identical|Decimal}}",
	"label.date": "{{Identical|Date}}",
	"label.datetime": "{{Identical|Date}}",
	"label.text": "{{Identical|Text}}",
	"label.managedatatable": "{{Identical|Manage data table}}",
	"validation.msg.code.name.cannot.be.blank": "{{Identical|Name is mandatory}}",
	"validation.msg.code.value.name.cannot.be.blank": "{{Identical|Name is mandatory}}",
	"validation.msg.role.name.cannot.be.blank": "{{Identical|Name is mandatory}}",
	"validation.msg.schedulerjob.cronExpression.cannot.be.blank": "a cron expression is expression used to schedule a task to be performed at a certain time and/or a certain frequency by the system. it is often used on web servers to do scheduled maintainence and such",
	"validation.msg.schedulerjob.cronExpression.invalid": "a cron expression is expression used to schedule a task to be performed at a certain time and/or a certain frequency by the system. it is often used on web servers to do scheduled maintainence and such",
	"label.tooltip.global.rounding-mode": "These are the [https://en.wikipedia.org/wiki/IEEE_floating_point#Rounding_rules standard IEEE rounding modes] used for computing or displaying values when not all decimals can be represented:\n\n* 0 (UP) : round up to the nearest upper value (towards +Infinity)\n* 1 (DOWN) : round down to the nearest lower value (towards -Infinity)\n* 2 (CEILING) : round the absolute value to the nearest upper value (towards -Infinity if negative, or +Infinity if positive)\n* 3 (FLOOR) : round the absolute value to the nearest lower value (towards zero)\n* 4 (HALF_UP) : round to the nearest value, or round up the exact half values (towards +Infinity)\n* 5 (HALF_DOWN) : round to the nearest value, or round down the exact half values (towards -Infinity)\n* 6 (HALF_EVEN) : round to the nearest value, or round up or down the exact half value to the nearest even value\n\nThe two first modes 0 and 1 (UP and DOWN) are generally not suitable for accounting as they are not symetric but they are used for some mathematical formulas (notably those using modular arithmetic, such as cyclic calendar computations).\n\nFor pricing, billing or tax reports, mode 3 (FLOOR) for rounding down the absolute value is generally used. Mode 2 (CEILING) may also be used for counting necessary units (where the unused parts will be discarded/disposed/recycled but still considered reserved and used even if they are not needed) and it may be useful to implement a minimum number of unseparatable units to bill to a customer.\n\nFor currency conversion, mode 4 (HALF_UP) for rounding to the nearest value, or rounding up the exact half values, is most often used. Mode 5 (HALF_DOWN), a variant where exact half values are rounded down instead, is rarely used.\n\nThe last mode 6 (HALF_EVEN) is generally recommended for scientific computation in intermediate results, as it minimizes the average rounding errors. (It is usually the default rounding mode in programming languages, where rounding occurs implicitly due to limited storage precision).",
	"label.heading.addproductmix": "{{Identical|Add product mix}}",
	"label.heading.editproductmix": "{{Identical|Edit product mix}}",
	"label.heading.productmix": "{{Identical|Product mix}}",
	"label.heading.active": "{{Identical|Active}}",
	"label.heading.accounting": "{{Identical|Accounting}}",
	"label.heading.fees": "{{Identical|Fee}}",
	"label.heading.liabilities": "{{Identical|Liability}}",
	"label.heading.expenses": "{{Identical|Expense}}",
	"label.heading.income": "{{Identical|Income}}",
	"label.heading.charge": "{{Identical|Charge}}",
	"label.heading.chargetimetype": "{{Identical|Charge time type}}",
	"label.heading.numofrepayments": "{{Identical|Number of repayments}}",
	"label.heading.amortization": "{{Identical|Amortization}}",
	"label.heading.arrearstolerance": "{{Identical|Arrear tolerance}}",
	"label.heading.repaymentstrategy": "{{Identical|Repayment strategy}}",
	"label.heading.paymenttype": "{{Identical|Payment type}}",
	"label.heading.fundsource": "{{Identical|Fund source}}",
	"label.heading.items": "{{Identical|Item}}",
	"label.heading.interest.on.overdrafts": "{{Identical|Overdraft interest income}}",
	"label.heading.product": "{{Identical|Product}}",
	"label.heading.interestratechart.valid.to": "{{Identical|End date}}",
	"label.heading.interestratedetails.interest": "{{Identical|Interest}}",
	"label.heading.interestratedetails.description": "{{Identical|Description}}",
	"label.anchor.products": "{{Identical|Product}}",
	"label.anchor.charges": "{{Identical|Charge}}",
	"label.anchor.dividends": "{{Identical|Dividend}}",
	"label.anchor.addproductmix": "{{Identical|Add product mix}}",
	"label.add.row": "{{Identical|Add}}",
	"label.remove.row": "{{Identical|Remove}}",
	"label.input.product.shortname": "{{Identical|Short name}}",
	"label.input.startdate": "{{Identical|Start date}}",
	"label.input.enddate": "{{Identical|End date}}",
	"label.input.decimalplace": "{{Identical|Decimal place}}",
	"label.input.minimum": "{{Identical|Minimum}}",
	"label.input.maximum": "{{Identical|Maximum}}",
	"label.input.default": "{{Identical|Default}}",
	"label.input.numofrepayments": "{{Identical|Number of repayments}}",
	"label.input.amortization": "{{Identical|Amortization}}",
	"label.input.arearstolerance": "{{Identical|Arrear tolerance}}",
	"label.input.repaymentstrategy": "{{Identical|Repayment strategy}}",
	"label.input.none": "{{Identical|None}}",
	"label.input.cash": "{{Identical|Cash}}",
	"label.input.": "{{Identical|Cash}}",
	"label.input.interest.on.overdrafts": "{{Identical|Overdraft interest income}}",
	"label.input.decimalplaces": "{{Identical|Decimal place}}",
	"label.input.interestratechart.name": "{{Identical|Name}}",
	"label.input.interestratechart.description": "{{Identical|Description}}",
	"label.input.interestratechart.valid.to": "{{Identical|End date}}",
	"label.input.days": "{{Identical|Day}}",
	"label.input.equity": "{{Identical|Equity}}",
	"label.button.top": "{{Identical|Top}}",
	"label.mandatory": "{{Identical|Mandatory}}",
	"chargeAppliesTo.loan": "{{Identical|Loan}}",
	"chargeAppliesTo.savings": "{{Identical|Saving and deposit}}",
	"chargeAppliesTo.client": "{{Identical|Client}}",
	"chargeAppliesTo.shares": "{{Identical|Share}}",
	"chargeCalculationType.flat": "{{Identical|Flat}}",
	"chargeTimeType.disbursement": "{{Identical|Disbursement}}",
	"chargeTimeType.savingsActivation": "{{Identical|Savings activation}}",
	"chargeTimeType.annualFee": "{{Identical|Annual fee}}",
	"chargeTimeType.monthlyFee": "{{Identical|Monthly fee}}",
	"chargeTimeType.tranchedisbursement": "A tradução de tranche como parcela parece mais apropriado",
	"chargeCalculationType.percent.of.amount": "{{Identical|Amount}}",
	"chargeCalculationType.percent.of.interest": "{{Identical|Interest}}",
	"validation.msg.loanproduct.name.cannot.be.blank": "{{Identical|Name is mandatory}}",
	"validation.msg.savingsproduct.name.cannot.be.blank": "{{Identical|Name is mandatory}}",
	"": "{{notranslate}}",
	"viewcenter": "{{Identical|View center}}",
	"products": "{{Identical|Product}}",
	"createcenter": "{{Identical|Create center}}",
	"centers": "{{Identical|Center}}",
	"savingaccount": "{{Identical|Saving acc}}",
	"global": "{{Identical|Configuration}}",
	"createclosure": "{{Identical|Create closure}}",
	"audit": "{{Identical|Audit}}",
	"addproductmix": "{{Identical|Add product mix}}",
	"entercollectionsheet": "{{Identical|Collection sheet}}",
	"templates": "{{Identical|Template}}",
	"createtemplate": "{{Identical|Create template}}",
	"system": "{{Identical|System}}",
	"adminroles": "{{Identical|Role}}",
	"adminaddrole": "{{Identical|Add role}}",
	"adminviewmctasks": "{{Identical|Maker checker}}",
	"clients": "{{Identical|Client}}",
	"createclient": "{{Identical|Create client}}",
	"charges": "{{Identical|Charge}}",
	"savingproducts": "{{Identical|Saving product}}",
	"offices": "{{Identical|Office}}",
	"createoffice": "{{Identical|Create office}}",
	"tasks": "{{Identical|Task}}",
	"users": "{{Identical|User}}",
	"createuser": "{{Identical|Create user}}",
	"employees": "{{Identical|Employee}}",
	"freqposting": "{{Identical|Frequent posting}}",
	"journalentry": "{{Identical|Journal entry}}",
	"searchtransaction": "{{Identical|Search transaction}}",
	"accounting_rules": "{{Identical|Accounting rule}}",
	"datatables": "{{Identical|Data table}}",
	"createdatatable": "{{Identical|Create data table}}",
	"addcode": "{{Identical|Add code}}",
	"jobs": "{{Identical|Job}}",
	"codes": "{{Identical|Code}}",
	"reports": "{{Identical|Report}}",
	"createreport": "{{Identical|Create report}}",
	"holidays": "{{Identical|Holiday}}",
	"groups": "{{Identical|Group}}",
	"creategroup": "{{Identical|Create group}}",
	"addmember": "{{Identical|Add member}}",
	"groupattendance": "{{Identical|Group attendance}}",
	"addgroup": "{{Identical|Add group}}",
	"centerattendance": "",
	"createcharge": "",
	"login": "{{Identical|Log in}}",
	"editcode": "{{Identical|Edit code}}",
	"systemviewreport": "{{Identical|View report}}",
	"viewgroup": "{{Identical|View group}}",
	"editgroup": "{{Identical|Edit group}}",
	"closegroup": "{{Identical|Close group}}",
	"addrole": "{{Identical|Add role}}",
	"membermanage": "{{Identical|Manage member}}",
	"editcenter": "{{Identical|Edit center}}",
	"closecenter": "{{Identical|Close center}}",
	"editcharge": "{{Identical|Edit charge}}",
	"viewproductmix": "{{Identical|Product mix}}",
	"editproductmix": "{{Identical|Edit product mix}}",
	"guarantor": "{{Identical|Guarantor}}",
	"adminviewrole": "{{Identical|View role}}",
	"adminroleedit": "{{Identical|Edit role}}",
	"clientaction": "{{Identical|Client action}}",
	"loanaccountaction": "{{Identical|Loan action}}",
	"addcollateral": "{{Identical|Add collateral}}",
	"loanviewcollateral": "{{Identical|View collateral}}",
	"assignloanofficer": "{{Identical|Assign staff}}",
	"organization": "{{Identical|Organization}}",
	"editoffice": "",
	"search": "{{Identical|Query result}}",
	"edituser": "{{Identical|Edit user}}",
	"navoffices": "{{Identical|Navigation}}",
	"adminusers": "{{Identical|System user}}",
	"awaiting.approval": "{{Identical|Awaiting approval}}",
	"invalid": "{{Identical|Invalid}}",
	"viewMakerCheckerTask": "{{Identical|Maker checker}}",
	"accounting": "{{Identical|Accounting}}",
	"help": "{{Identical|Help}}",
	"run_reportActiveLoansDetails": "{{Identical|Loan report}}",
	"run_reportActiveLoansSummary": "{{Identical|Loan report}}",
	"viewclient": "{{Identical|View client}}",
	"reportsall": "{{Identical|Report}}",
	"loanscreenreport": "{{Identical|Loan screen report}}",
	"clientscreenreport": "{{Identical|Client screen report}}",
	"endDate": "{{Identical|End date}}",
	"startDate": "{{Identical|Start date}}",
	"label.anchor.editdisbursedate": "",
	"label.input.edit": "{{Identical|Edit}}",
	"label.input.lienallowed": "'''FIXME:''' there's a typo/non-sense in the English source ?\n\nReplace '''lien''' by '''line''' or '''link''', or better explain this term (see [[Thread:Translating talk:Mifos/About Mifos:X-label.input.maxallowedlienlimit/en]] for the reported bug).",
	"label.input.maxallowedlienlimit": "'''FIXME:''' there's a typo/non-sense in the English source ?\n\nReplace '''lien''' by '''line''' or '''link''', or better explain this term (see [[Thread:Translating talk:Mifos/About Mifos:X-label.input.maxallowedlienlimit/en]] for the reported bug).",
	"label.input.selectclients": "{{Identical|Select client}}",
	"label.input.selected": "{{Identical|Selected}}",
	"label.button.filter": "{{Identical|Filter}}",
	"label.button.view": "{{Identical|View}}",
	"label.heading.reverse": "{{Identical|Reverse}}",
	"label.heading.yes": "{{Identical|Yes}}",
	"label.heading.no": "{{Identical|No}}",
	"label.input.clienttype": "{{Identical|Client type}}",
	"label.incentive.row": "{{Identical|Incentive}}",
	"label.heading.incentives": "{{Identical|Incentive}}",
	"label.heading.interestratedetails.incentive.attributename": "{{Identical|Attribute}}",
	"label.heading.interestratedetails.incentive.conditiontype": "{{notranslate}}",
	"label.heading.interestratedetails.incentive.incentivetype": "{{Identical|Type}}",
	"label.heading.interestratedetails.incentive.amount": "{{Identical|Interest}}",
	"InterestIncentiveType.fixed": "{{Identical|Fixed}}",
	"InterestIncentiveType.incentive": "{{Identical|Incentive}}",
	"InterestIncentiveAttributeName.age": "{{Identical|Age}}",
	"InterestIncentiveAttributeName.clientType": "{{Identical|Client type}}",
	"incentiveConditionType.greterthan": "{{Identical|Greater than}}",
	"incentiveConditionType.lessthan": "{{Identical|Less than}}",
	"label.heading.guarantee.amount": "{{Identical|Amount}}",
	"label.heading.guarantee.status": "{{Identical|Status}}",
	"guarantorFundStatusType.active": "{{Identical|Active}}",
	"guarantorFundStatusType.completed": "{{Identical|Completed}}",
	"guarantorFundStatusType.withdrawn": "{{Identical|Withdrawn}}",
	"guarantorFundStatusType.deleted": "{{Identical|Deleted}}",
	"guarantor.existing.customer": "{{Identical|Customer}}",
	"guarantor.staff": "{{Identical|Staff}}",
	"guarantor.external": "{{Identical|External}}",
	"deposutAccountOnHoldTransactionType.hold": "{{Identical|Hold}}",
	"deposutAccountOnHoldTransactionType.release": "{{Identical|Release}}",
	"label.anchor.tellers": "{{Identical|Teller}}",
	"label.anchor.cashiers": "{{Identical|Cashier}}",
	"label.anchor.cashiertransactions": "{{Identical|Transaction}}",
	"label.heading.cashmgmt.officeName": "{{Identical|Branch}}",
	"label.heading.cashmgmt.tellerName": "{{Identical|Teller}}",
	"label.heading.cashmgmt.cashierName": "{{Identical|Cashier}}",
	"label.input.teller.office": "{{Identical|Office}}",
	"label.input.teller.startDate": "{{Identical|Start date}}",
	"label.input.teller.endDate": "{{Identical|End date}}",
	"label.input.teller.description": "{{Identical|Description}}",
	"label.input.teller.status": "{{Identical|Status}}",
	"label.heading.cashmgmt.tellerCashiers.period": "{{Identical|Period}}",
	"label.heading.cashmgmt.tellerCashiers.from": "{{Identical|From}}",
	"label.heading.cashmgmt.tellerCashiers.to": "{{Identical|To}}",
	"label.cashmgmt.cashier.isFullDay": "{{Identical|Yes}}",
	"label.input.teller.cashier.currency": "{{Identical|Currency}}",
	"label.input.teller.cashier.amount": "{{Identical|Amount}}",
	"label.input.teller.cashier.startDate": "{{Identical|From}}",
	"label.input.teller.cashier.endDate": "{{Identical|To}}",
	"label.heading.cashmgmt.cashier.txnDate": "{{Identical|Date}}",
	"label.heading.cashmgmt.cashier.txnAmount": "{{Identical|Amount}}",
	"label.heading.cashmgmt.cashier.txnDetails": "{{Identical|Detail}}",
	"label.heading.cashmgmt.cashier.txnTotals": "{{Identical|Total}}",
	"label.heading.cashmgmt.cashier.txnAmountAlloc": "{{Identical|Allocation}}",
	"label.heading.cashmgmt.cashier.txnAmountSettle": "{{Identical|Settlement}}",
	"label.heading.cashmgmt.cashier.netAmount": "{{Identical|Net}}",
	"label.input.cashiername": "{{Identical|Cashier}}",
	"label.input.teller.cashiertxn.txnDate": "{{Identical|Date}}",
	"label.input.teller.cashiertxn.txnAmount": "{{Identical|Amount}}",
	"label.input.country": "{{Identical|Country}}",
	"label.input.cbproduct": "{{Identical|Product}}",
	"label.heading.Survey": "{{Identical|Survey}}",
	"label.anchor.survey": "{{Identical|Survey}}",
	"day.monday": "{{Identical|Monday}}",
	"day.tuesday": "{{Identical|Tuesday}}",
	"day.wednesday": "{{Identical|Wednesday}}",
	"day.thursday": "{{Identical|Thursday}}",
	"day.friday": "{{Identical|Friday}}",
	"day.saturday": "{{Identical|Saturday}}",
	"day.sunday": "{{Identical|Sunday}}",
	"label.menu.repeats": "{{Identical|Repeat}}",
	"label.menu.entity": "{{Identical|Entity}}",
	"label.menu.status": "{{Identical|Status}}",
	"label.menu.product": "{{Identical|Product}}",
	"label.button.create": "{{Identical|Create}}",
	"m_client": "{{Identical|Client}}",
	"m_group": "{{Identical|Group}}",
	"label.heading.queryname": "{{Identical|Name}}",
	"label.input.options": "{{Identical|Option}}",
	"label.heading.options": "{{Identical|Option}}",
	"label.heading.question": "{{Identical|Question}}",
	"label.heading.survey": "{{Identical|Survey}}",
	"label.collaterals": "{{Identical|Collateral}}"
}
